user_input,retrieved_contexts,response,reference,answer_relevancy,faithfulness,context_precision,context_recall
长城有多长？,"['长城\n\n尊敬的游客朋友：\n\n\n\n大家好！欢迎您来到长城游玩，希望我们的服务能让您多一份欢乐，也希望您能玩得开心，玩得尽兴，玩得满足。接下来，我先向诸位介绍一下长城的概况。\n\n长城位于北京的北面，始建于春秋战国时期。那时各个诸侯国为了互相防御，就在自己境内地势险要的地方修筑长城。秦始皇统一中国后，为防御北方匈奴的入侵，便将各诸侯国的长城连接起来，并将其延长，号称“万里长城”。长城，远远望去像一条长龙，在巍巍群\n\n\n\n山之间蜿蜒盘旋。它全长一万三千多里。国父孙中山参观长城后，评价道：“中国最有名之工程者，万里长城也。工程之大，古无其匹，为世界独一之奇观。”', '北京导游考试口试标准导游词之十六——长城题签：长城\n    长城是我国古代一项伟大的防御工事，是我国古代劳动人民创造的伟大的奇迹，1987年被列入《世界遗产名录》。\n    中国最早修筑长城是在春秋战国时期，当时各诸侯国为了争霸连年征战，为了有效的抵御入侵，各诸侯国在各自的边境上修筑了一系列能够传递信息的烽火台，以及具有防御性的驻军城堡，这些城堡当时被称为“列城”。在我国历史上最早修筑长城的是楚国，在历史是被称为“万城”或“方城”。之后各诸侯国纷纷效仿。齐国用黄土夯筑或用石块垒砌，修筑了从西到东，直至入海的长城。燕国也修筑了易水长城和北长城。此外赵国、秦国也分别在各自边境修筑了长城，这些城墙奠定了中国北方长城的基础。\n在中国历史上有三次修筑长城高峰。\n    第一次是在秦朝，秦始皇统一中国后，为了维护中原地区的封建经济的稳定发展，秦始皇派大将军蒙恬率30万军队及数百万民夫，先修建了秦赵燕三国北部的旧长城，再另筑部分新长城将他们连接起来形成了西起临洮东至辽东，长达7000公里。\n    第二次是西汉初年为了抵御匈奴的不断南侵和保护新开发的“丝绸之路”在采取坚决抗击政策的同时，修筑了规模宏大的汉长城。汉长城西起新疆的罗布泊，东至辽东，长达10000余公里，是中国历史上最长的长城，汉代是中国历史上修筑万里长城的第2次高峰。\n    第三次是明朝，逃回蒙古的元顺帝仍然保持有较大的军事实力，经常派兵南下，意图收复失地。明代后期，东北又有女真族的崛起。面对蒙古与女真的威胁，明代始终十分重视北方的防务。从朱元璋建国第一年，就派大将徐达北上修筑长城，直到明王朝灭亡，200多年中一直没有停过，其中大规模修筑就多达18次。司马迁总结了长城的建造选址原则“因地形，制险用塞”，可见历朝的长城都建在险峻之处。\n    明长城西起甘肃嘉峪关，东至辽东的鸭绿江边的虎山。全长 7000 多公里，经过了九个省，直辖市，自治区，即我们今天所看到的长城。明代把长城沿线分为九个防守区域，每个区域设镇守，称为“九边九镇”。明代是中国历史上修筑长城的第三次高峰，也是最后一次高峰。', '楼至南 4 楼之间，山脊狭窄，山势陡峭，长城逶迤 400 多米。城顶最险处，坡度约为 70 度，\n\n几乎是直上直下。南 1 楼和南 2 楼，都没有修复二层，从南 3 楼遗存的柱础看，原来也有铺房。\n\n南峰长城以南 4 楼地势最高，海拔 803.6 米。登楼眺望，长城自西南向东北蜿蜒于山脊之上，宛如苍龙，宏伟壮观。使人不由地想起我国著名的长城专家罗哲文先生登临八达岭长城时咏的诗；千峰叠翠拥居庸，山北山南处处峰。锁钥北门天设险，半哉峻岭走长龙。从南 4 楼到南 7 楼，高度逐渐下降。南 5 楼与南 6 楼之间在长城的内侧距城墙 30 米的山脊上，\n\n耸立着一座白色的小亭，这就是 1987 年 6 月落成的“贵州省修复长城纪念碑亭”。南 6 楼是一座铺房，铺房建在上层的顶上，面阔三间，硬山顶，红柱子，灰色瓦，小巧玲珑。这大概是当年“千总”的指挥所。\n\n关于长城还有个传说，就是《孟姜女哭长城》的故事了。从前在秦朝的时候，有一户姓孟的人家，种了一棵瓜。瓜熟了，打开一看，里面有个又白又胖的小姑娘，从此，他就叫孟姜女。长大后，孟姜女跟公子范喜良结婚了。成亲那天，新郎新娘正要入洞房，忽然闯进了一群官兵，用一条铁链绑住了范喜良，硬把新郎抓去长城做工了。孟姜女日日夜夜的想着范喜良，就自己收拾好行李上路了，他不知走了多少路了，都找不着范喜良的踪影，最后，她问一对正在工作的民工，问：“你们这里有个叫范喜良的人吗?”民工说：”是有这个人，新来的。”孟姜女听了，别提有多高兴了!再问“他现在在哪儿?民工说：“他已经死了。尸体都已经填了城脚!“孟姜女听了哭了整整三天三夜，哭的连天都被感动了，风越来越猛烈，只听“哗啦”一声，一段长城倒了，露出来正是范喜良的尸首，孟姜女的眼泪滴在她的丈夫血肉模糊的脸上，她终于看见自己心爱的丈夫，但他却再也看不见孟姜女了，因为他已近被残暴的秦始皇给害死了。\n\n今天的长城，早已失去军事价值，而以其特有的魅力，吸引着广大中外游客，成为举世闻名的旅游胜地。随着旅游业的发展，长城这一中华民族的象征，全世界重要的文化遗产，\n\n会焕发出新的生机。以更优质的旅游服务、更优美的旅游环境迎接着大家的到来！']","长城的总长度因历史时期的不同而有所变化。在明朝时期，长城从甘肃嘉峪关延伸到辽东鸭绿江边的虎山，全长约7000多公里。这是今天我们所见的主要部分。而在西汉初年，为了抵御匈奴和保护丝绸之路，修建了更长的长城，其长度超过了10000公里，这被认为是中国历史上最长的长城。

长城不仅是一项伟大的防御工程，也是中国古代劳动人民智慧与勇气的象征，并于1987年被列入《世界遗产名录》。它见证了中国悠久的历史变迁，如今已成为举世闻名的旅游胜地，吸引着来自世界各地的游客前来参观。 [{'title': './file_path/（六）长城.txt', 'content': '北京导游考试口试标准导游词之十六——长城题签：长城\n    长城是我国古代一项伟大的防御工事，是我国古代劳动人民创造的伟大的奇迹，1987年被列入《世界遗产名录》。\n    中国最早修筑长城是在春秋战国时期，当时各诸侯国为了争霸连年征战，为了有效的抵御入侵，各诸侯国在各自的边境上修筑了一系列能够传递信息的烽火台，以及具有防御性的驻军城堡，这些城堡当时被称为“列城”。在我国历史上最早修筑长城的是楚国，在历史是被称为“万城”或“方城”。之后各诸侯国纷纷效仿。齐国用黄土夯筑或用石块垒砌，修筑了从西到东，直至入海的长城。燕国也修筑了易水长城和北长城。此外赵国、秦国也分别在各自边境修筑了长城，这些城墙奠定了中国北方长城的基础。\n在中国历史上有三次修筑长城高峰。\n    第一次是在秦朝，秦始皇统一中国后，为了维护中原地区的封建经济的稳定发展，秦始皇派大将军蒙恬率30万军队及数百万民夫，先修建了秦赵燕三国北部的旧长城，再另筑部分新长城将他们连接起来形成了西起临洮东至辽东，长达7000公里。\n    第二次是西汉初年为了抵御匈奴的不断南侵和保护新开发的“丝绸之路”在采取坚决抗击政策的同时，修筑了规模宏大的汉长城。汉长城西起新疆的罗布泊，东至辽东，长达10000余公里，是中国历史上最长的长城，汉代是中国历史上修筑万里长城的第2次高峰。\n    第三次是明朝，逃回蒙古的元顺帝仍然保持有较大的军事实力，经常派兵南下，意图收复失地。明代后期，东北又有女真族的崛起。面对蒙古与女真的威胁，明代始终十分重视北方的防务。从朱元璋建国第一年，就派大将徐达北上修筑长城，直到明王朝灭亡，200多年中一直没有停过，其中大规模修筑就多达18次。司马迁总结了长城的建造选址原则“因地形，制险用塞”，可见历朝的长城都建在险峻之处。\n    明长城西起甘肃嘉峪关，东至辽东的鸭绿江边的虎山。全长 7000 多公里，经过了九个省，直辖市，自治区，即我们今天所看到的长城。明代把长城沿线分为九个防守区域，每个区域设镇守，称为“九边九镇”。明代是中国历史上修筑长城的第三次高峰，也是最后一次高峰。'}, {'title': './file_path/（六）长城.txt', 'content': '北京导游考试口试标准导游词之十六——长城题签：长城\n    长城是我国古代一项伟大的防御工事，是我国古代劳动人民创造的伟大的奇迹，1987年被列入《世界遗产名录》。\n    中国最早修筑长城是在春秋战国时期，当时各诸侯国为了争霸连年征战，为了有效的抵御入侵，各诸侯国在各自的边境上修筑了一系列能够传递信息的烽火台，以及具有防御性的驻军城堡，这些城堡当时被称为“列城”。在我国历史上最早修筑长城的是楚国，在历史是被称为“万城”或“方城”。之后各诸侯国纷纷效仿。齐国用黄土夯筑或用石块垒砌，修筑了从西到东，直至入海的长城。燕国也修筑了易水长城和北长城。此外赵国、秦国也分别在各自边境修筑了长城，这些城墙奠定了中国北方长城的基础。\n在中国历史上有三次修筑长城高峰。\n    第一次是在秦朝，秦始皇统一中国后，为了维护中原地区的封建经济的稳定发展，秦始皇派大将军蒙恬率30万军队及数百万民夫，先修建了秦赵燕三国北部的旧长城，再另筑部分新长城将他们连接起来形成了西起临洮东至辽东，长达7000公里。'}, {'title': './file_path/2023北京导游词.docx', 'content': '楼至南 4 楼之间，山脊狭窄，山势陡峭，长城逶迤 400 多米。城顶最险处，坡度约为 70 度，\n\n几乎是直上直下。南 1 楼和南 2 楼，都没有修复二层，从南 3 楼遗存的柱础看，原来也有铺房。\n\n南峰长城以南 4 楼地势最高，海拔 803.6 米。登楼眺望，长城自西南向东北蜿蜒于山脊之上，宛如苍龙，宏伟壮观。使人不由地想起我国著名的长城专家罗哲文先生登临八达岭长城时咏的诗；千峰叠翠拥居庸，山北山南处处峰。锁钥北门天设险，半哉峻岭走长龙。从南 4 楼到南 7 楼，高度逐渐下降。南 5 楼与南 6 楼之间在长城的内侧距城墙 30 米的山脊上，\n\n耸立着一座白色的小亭，这就是 1987 年 6 月落成的“贵州省修复长城纪念碑亭”。南 6 楼是一座铺房，铺房建在上层的顶上，面阔三间，硬山顶，红柱子，灰色瓦，小巧玲珑。这大概是当年“千总”的指挥所。\n\n关于长城还有个传说，就是《孟姜女哭长城》的故事了。从前在秦朝的时候，有一户姓孟的人家，种了一棵瓜。瓜熟了，打开一看，里面有个又白又胖的小姑娘，从此，他就叫孟姜女。长大后，孟姜女跟公子范喜良结婚了。成亲那天，新郎新娘正要入洞房，忽然闯进了一群官兵，用一条铁链绑住了范喜良，硬把新郎抓去长城做工了。孟姜女日日夜夜的想着范喜良，就自己收拾好行李上路了，他不知走了多少路了，都找不着范喜良的踪影，最后，她问一对正在工作的民工，问：“你们这里有个叫范喜良的人吗?”民工说：”是有这个人，新来的。”孟姜女听了，别提有多高兴了!再问“他现在在哪儿?民工说：“他已经死了。尸体都已经填了城脚!“孟姜女听了哭了整整三天三夜，哭的连天都被感动了，风越来越猛烈，只听“哗啦”一声，一段长城倒了，露出来正是范喜良的尸首，孟姜女的眼泪滴在她的丈夫血肉模糊的脸上，她终于看见自己心爱的丈夫，但他却再也看不见孟姜女了，因为他已近被残暴的秦始皇给害死了。\n\n今天的长城，早已失去军事价值，而以其特有的魅力，吸引着广大中外游客，成为举世闻名的旅游胜地。随着旅游业的发展，长城这一中华民族的象征，全世界重要的文化遗产，\n\n会焕发出新的生机。以更优质的旅游服务、更优美的旅游环境迎接着大家的到来！'}]",长城的全长约为一万三千多里，也就是大约6700公里。,0.6215164881747848,1.0,0.99999999995,1.0
天安门明代叫什么？,"['天安门和天安门广场（明清时期）\n\n大家好，今天我给大家讲解的是明清时期的天安门及天安门广场。天安门和天安门广场位于北京市中心，历史悠久，它建于明永乐十五年（1417 年）。\n\n天安门是皇城的正门，明代叫“承天门”，取“承天启运，受命于天”之意，后来多次被毁，又多次重建。直到清初顺治年间，顺治皇帝下命按照明代的建筑规制重建承天门并改名为“天安门”。名称一直沿用至今。天安门广场在明清时期为一个“T”字形的封闭广场，这里属于皇宫的前导部分。解放以后，这里经过多次的改建与扩建，形成了今天的建筑格局。\n\n首先，我给大家介绍一下明清时期的天安门及周边建筑。明清时期的天安门通高 33.7\n\n米，1970 年重修后通高 34.7 米，占地面积 4800 平方米。它由城台和城楼两部分组成，城台上建有城楼，重檐歇山顶建制，覆盖黄色琉璃瓦，面阔九间；进深五间，体现出皇家的“九五”至尊。城台开有五个券门，中间最大，向两侧递减。券门南面正对着五座汉白玉三孔石桥，称“金水桥”。桥下是从西北流向东南方向的水，称“金水河”；金水桥南北两侧各有一对石狮，金水桥南侧有一对华表。', '天安门和天安门广场（明清时期）\n\n大家好，今天我给大家讲解的是明清时期的天安门及天安门广场。天安门和天安门广场位于北京市中心，历史悠久，它建于明永乐十五年（1417 年）。\n\n天安门是皇城的正门，明代叫“承天门”，取“承天启运，受命于天”之意，后来多次被毁，又多次重建。直到清初顺治年间，顺治皇帝下命按照明代的建筑规制重建承天门并改名为“天安门”。名称一直沿用至今。天安门广场在明清时期为一个“T”字形的封闭广场，这里属于皇宫的前导部分。解放以后，这里经过多次的改建与扩建，形成了今天的建筑格局。\n\n首先，我给大家介绍一下明清时期的天安门及周边建筑。明清时期的天安门通高 33.7\n\n米，1970 年重修后通高 34.7 米，占地面积 4800 平方米。它由城台和城楼两部分组成，城台上建有城楼，重檐歇山顶建制，覆盖黄色琉璃瓦，面阔九间；进深五间，体现出皇家的“九五”至尊。城台开有五个券门，中间最大，向两侧递减。券门南面正对着五座汉白玉三孔石桥，称“金水桥”。桥下是从西北流向东南方向的水，称“金水河”；金水桥南北两侧各有一对石狮，金水桥南侧有一对华表。\n\n天安门城楼的主要用途是什么呢？在明清两朝这里是举行颁诏礼的地方。所谓颁诏礼就是皇帝向全国颁布诏书的仪式。凡遇国家大典，如新皇帝登基、册立皇后、册立太子、命将出征等，都要在天安门城楼上举行隆重的颁诏仪式。颁诏礼的大致过程是这样的：届时，于城楼大殿前正中设立宣诏台。由礼部尚书在紫禁城太和殿奉接皇帝诏书，盖上御宝，把诏书敬放在云盘内，捧出太和门，置于抬着的龙亭内，再出午门，登上天安门城楼。然后将诏书恭放于宣诏台上，由宣诏官进行宣读。文武百官按等级依次排列于金水桥南，面北而跪恭听。宣诏完毕，就把皇帝诏书衔放在一只木雕金凤的嘴里，再用黄绒绳从上系下，礼部官员托着朵云盘在下跪接，接着用龙亭将诏书抬到礼部，经黄纸誊写，分送各地，布告天下。这种颁发封建帝王圣旨礼仪的全过程，就叫做“金凤颁诏”。', '明清时期的天安门及周边的建筑我就给大家介绍到这里。下面我在介绍一下明清时期的天安门广场。明清时期的天安门广场用红墙围成“T”字形，北面是承天门，清顺治年间改为天安门；东面是长安左门，西面是长安右门，南面是大明门。清朝顺治年间改为大清门。长安左门和长安右门之间东西长约 370 米，南北宽约 80 米，称为“天街”，是颁诏礼时文武百官在此跪听诏书的地方。\n\n长安左门俗称“龙门”。科举时代，殿试中选者，在故宫太和殿举行“金殿传胪”仪式后，礼部官员把进士皇榜张挂于长安左门外临时搭建的“龙棚”里，信科进士们均由长安左门出皇城依序看榜。榜上提名者犹如鲤鱼跃龙门，顿时身价百倍，故此门称“龙门”。另外，还有一种说法，东侧五行方位中属木，主生，四象中东方属青龙，故此门称“龙门”。长安左右内千步廊拐角处还是吏部、兵部选拔官吏及礼部复查乡试、会试试卷及考生资格的地方。']","明代时，天安门被称为“承天门”，取“承天启运，受命于天”之意。后来经过多次毁坏和重建，在清初顺治年间按照明代的建筑规制重建，并改名为“天安门”。这个名称一直沿用至今。

如果您对明清时期的天安门及其周边建筑有更多的兴趣，我可以继续为您详细介绍。 [{'title': './file_path/2023北京导游词.docx', 'content': '天安门城楼前有什么设施呢？在城楼南面有一条河称“金水河”。它为什么叫金水河呢？因为五行中西方属金，北方属水，此河从西北流向东南，故称“金水河”。金水河上有七座汉白玉石桥，中间五座正对着天安门城台的五个券门，中间的桥最宽等级最高为御路桥，桥栏望柱上雕刻着精美的云龙图案。它是供帝后专用的；御路桥两侧为皇族桥，桥身比御路桥略窄，等级次之，它是供宗室帝王行走的；皇族桥两侧为品级桥，桥身比皇族桥略窄，等级更低，它是供三品以上官员行走的；另外两座桥分别位于太庙和社稷坛的南大门前称公生桥，等级最低，它是供四品以下官员、兵弁、杂役行走。皇族桥、品级桥、公升桥望柱均是火焰式。上刻有阴线 24 条，称“二十四气”式。\n\n\n\n天安门前有一对雕刻于明永乐年间的汉白玉石狮子，东侧的雄狮是脚踏绣球，寓意一统寰宇；西侧的都是雌狮脚踩幼狮，寓意子孙绵延。两对石狮的头部都面向内侧，以示保卫御路。石狮为镇物，一般至于大门前。\n\n天安门城楼前后各有一对立于明代的汉白玉华表，每座华表高约 10 米，由三部分组成：底部是围绕有护栏的八角形台座，中间柱身，通体雕有盘龙和云朵，柱头横插云板，东部城露盘上有一蹲兽，俗称“望天吼”。华表通常置于宫殿、陵墓、坛庙前后，也立于桥头、渡口、关津等处，起到美化景观和标志作用。华表起源于“表木”立在不同地方有不同的作用和名称。立在坟墓神道两侧的称“墓表”，立在交通要道和驿站作为路标使用的为“路标”或“恒表”，其中雕刻华丽的便称为“华表”，另外，也有华表源于诽谤木的说法。\n\n明清时期的天安门及周边的建筑我就给大家介绍到这里。下面我在介绍一下明清时期的天安门广场。明清时期的天安门广场用红墙围成“T”字形，北面是承天门，清顺治年间改为天安门；东面是长安左门，西面是长安右门，南面是大明门。清朝顺治年间改为大清门。长安左门和长安右门之间东西长约 370 米，南北宽约 80 米，称为“天街”，是颁诏礼时文武百官在此跪听诏书的地方。'}, {'title': './file_path/2023北京导游词.docx', 'content': '天安门城楼前有什么设施呢？在城楼南面有一条河称“金水河”。它为什么叫金水河呢？因为五行中西方属金，北方属水，此河从西北流向东南，故称“金水河”。金水河上有七座汉白玉石桥，中间五座正对着天安门城台的五个券门，中间的桥最宽等级最高为御路桥，桥栏望柱上雕刻着精美的云龙图案。它是供帝后专用的；御路桥两侧为皇族桥，桥身比御路桥略窄，等级次之，它是供宗室帝王行走的；皇族桥两侧为品级桥，桥身比皇族桥略窄，等级更低，它是供三品以上官员行走的；另外两座桥分别位于太庙和社稷坛的南大门前称公生桥，等级最低，它是供四品以下官员、兵弁、杂役行走。皇族桥、品级桥、公升桥望柱均是火焰式。上刻有阴线 24 条，称“二十四气”式。\n\n\n\n天安门前有一对雕刻于明永乐年间的汉白玉石狮子，东侧的雄狮是脚踏绣球，寓意一统寰宇；西侧的都是雌狮脚踩幼狮，寓意子孙绵延。两对石狮的头部都面向内侧，以示保卫御路。石狮为镇物，一般至于大门前。'}, {'title': './file_path/2023北京导游词.docx', 'content': '天安门和天安门广场（明清时期）\n\n大家好，今天我给大家讲解的是明清时期的天安门及天安门广场。天安门和天安门广场位于北京市中心，历史悠久，它建于明永乐十五年（1417 年）。\n\n天安门是皇城的正门，明代叫“承天门”，取“承天启运，受命于天”之意，后来多次被毁，又多次重建。直到清初顺治年间，顺治皇帝下命按照明代的建筑规制重建承天门并改名为“天安门”。名称一直沿用至今。天安门广场在明清时期为一个“T”字形的封闭广场，这里属于皇宫的前导部分。解放以后，这里经过多次的改建与扩建，形成了今天的建筑格局。\n\n首先，我给大家介绍一下明清时期的天安门及周边建筑。明清时期的天安门通高 33.7\n\n米，1970 年重修后通高 34.7 米，占地面积 4800 平方米。它由城台和城楼两部分组成，城台上建有城楼，重檐歇山顶建制，覆盖黄色琉璃瓦，面阔九间；进深五间，体现出皇家的“九五”至尊。城台开有五个券门，中间最大，向两侧递减。券门南面正对着五座汉白玉三孔石桥，称“金水桥”。桥下是从西北流向东南方向的水，称“金水河”；金水桥南北两侧各有一对石狮，金水桥南侧有一对华表。\n\n天安门城楼的主要用途是什么呢？在明清两朝这里是举行颁诏礼的地方。所谓颁诏礼就是皇帝向全国颁布诏书的仪式。凡遇国家大典，如新皇帝登基、册立皇后、册立太子、命将出征等，都要在天安门城楼上举行隆重的颁诏仪式。颁诏礼的大致过程是这样的：届时，于城楼大殿前正中设立宣诏台。由礼部尚书在紫禁城太和殿奉接皇帝诏书，盖上御宝，把诏书敬放在云盘内，捧出太和门，置于抬着的龙亭内，再出午门，登上天安门城楼。然后将诏书恭放于宣诏台上，由宣诏官进行宣读。文武百官按等级依次排列于金水桥南，面北而跪恭听。宣诏完毕，就把皇帝诏书衔放在一只木雕金凤的嘴里，再用黄绒绳从上系下，礼部官员托着朵云盘在下跪接，接着用龙亭将诏书抬到礼部，经黄纸誊写，分送各地，布告天下。这种颁发封建帝王圣旨礼仪的全过程，就叫做“金凤颁诏”。'}]",承天门,0.816562716724285,0.30303030303030304,0.9999999999666667,1.0
长城和故宫哪一个历史更久？,"['长城有四大历史作用：\n    1、在军事上，起到了对北方游牧民族的抵御。游牧民族由于长期生活在草原，擅长骑射。他们在马上作战，机动灵活，但攻坚战却是他们的弱项。中原王朝处于战略防御时，横在游牧民族骑兵面前的高大坚甲的长城，迫使其弃长就短，优势被化解。也可以队北方游牧民族进行战略进攻，而当中原王朝转入战略进攻时，长城会起到步步为营的作用。\n    2、在经济上，驻守万里长城需要大批军队，在经济上，屯田促进了边疆地区的经济发展，到明代，军屯已发展到“养兵百万不费百姓一粒米”。屯田不仅使边疆地区大量的处女地得到开垦成为良田，尤其是中原地区先进的生产技术和经营方式带到了边疆，促进了边疆地区的经济的发展。\n    3、是促进民族融和的纽带，在和平互市期间，长城内外的游牧民族与衣耕民族相互交流学习，促进了社会进步与和谐。\n4、保卫亚欧大陆桥“丝绸之路”在长城的保护下得到发展，促进了东西方的交流。\n    长城是中国悠久历史的见证，也是中华民族精神的体现。被世界视为中国的象征。古塞雄关存旧迹，九州形胜壮山河，巍巍万里长城将与神州大地长存，将与世界文明永在。', '层重檐歇山顶建制，覆盖绿色琉璃瓦。箭楼上面设有箭窗 94 个，在打仗时这里可以射杀城外的敌人。城楼和箭楼是当时北京内城中最高大的宏伟的建筑。城楼和箭楼围成的空间称“瓮城”。瓮城内东侧是观音庙，明清时期这两座庙的香火非常旺盛。瓮城前是正阳桥与五牌楼。\n\n明清时期的天安门及天安门广场我就给大家介绍到这里。谢谢！\n\n\n\n故宫\n\n各位朋友，先自我介绍一下。今天我将带大家参观故宫博物院，现在我先为大家作个简单的介绍。\n\n故宫位于北京市城区中心，是明、清两代的皇宫，是当今世界上现存规模最大、建筑最雄伟、保存最完整的古代皇家宫殿。故宫又叫紫禁城。紫禁城是中国五个多世纪以来的最高权力中心，它以园林景观和容纳了家具及工艺品的 9000 个房间的庞大建筑群，成为明清时代中国文明无价的历史见证。1987 年，北京故宫被联合国教科文组织列入《世界遗产名录》。\n\n故宫坐北朝南，开有四条门。各位朋友，这里就是故宫的正门，叫午门，意思是正午的太阳光芒四射。各位请看！在 10 米高的城墙上耸立着五座崇楼，楼顶飞檐翘起，从上面看', '【午门前讲故宫导游词】\n\n\n\n故宫又名紫禁城,建成于明永乐十八年,是中国保存最完整、规模最大的古代皇宫建筑群。明建文帝削藩引起燕王朱棣不满，朱棣通过“靖难之役”夺得皇位，定都南京。因北京是朱 棣的龙兴之地，亲信、势力都集中在北京，而且，北京地处北方咽喉要地，有利于抗击北元 残余势力的南犯。所以，永乐皇帝下令迁都北京。明永乐四年，明成祖朱棣下诏，正式启动 北京宫城的建设。此间动用工匠 23 万、民夫百万，至永乐十八年竣工。永乐十九年元旦吉 日，明成祖朱棣御奉天殿受朝贺，紫禁城正式启用。\n\n明朝自成祖朱棣到思宗朱由检，共有 14 位皇帝在紫禁城内生活起居、治理国家。清朝定都北京后继续沿用明朝的宫殿，并对部分区域进行了较大规模的改造，如：文渊阁、宁寿全宫、南三所、西五所、斋宫、毓庆宫等。另外，清朝特别重视防火，并采取了多种措施，如：对建筑进行了防火结构的改造；建立火班（消防队）；配备消防器材等。']","根据历史记载，长城的修建始于春秋战国时期，最早的长城可以追溯到公元前7世纪左右。而故宫（紫禁城）则是在明朝永乐年间开始建造的，具体来说是公元1406年开始建设，并于1420年建成。因此，从时间上看，长城的历史比故宫更为久远。

长城最初是由各个诸侯国为了防御外敌入侵而各自修建的，后来在秦朝、汉朝以及明朝等时期进行了大规模的修缮和扩建。它不仅是中国古代劳动人民智慧与勇气的象征，也是世界文化遗产之一。

故宫则是明清两代皇家宫殿，代表了中国古代宫廷建筑的最高成就。它不仅是皇帝处理政务的地方，也是皇室居住之所，直到清朝末年才结束了作为皇宫的历史使命。如今，故宫成为了向公众开放的博物馆，展示着丰富的历史文物和艺术品。 [{'title': './file_path/2023北京导游词.docx', 'content': '层重檐歇山顶建制，覆盖绿色琉璃瓦。箭楼上面设有箭窗 94 个，在打仗时这里可以射杀城外的敌人。城楼和箭楼是当时北京内城中最高大的宏伟的建筑。城楼和箭楼围成的空间称“瓮城”。瓮城内东侧是观音庙，明清时期这两座庙的香火非常旺盛。瓮城前是正阳桥与五牌楼。\n\n明清时期的天安门及天安门广场我就给大家介绍到这里。谢谢！\n\n\n\n故宫\n\n各位朋友，先自我介绍一下。今天我将带大家参观故宫博物院，现在我先为大家作个简单的介绍。\n\n故宫位于北京市城区中心，是明、清两代的皇宫，是当今世界上现存规模最大、建筑最雄伟、保存最完整的古代皇家宫殿。故宫又叫紫禁城。紫禁城是中国五个多世纪以来的最高权力中心，它以园林景观和容纳了家具及工艺品的 9000 个房间的庞大建筑群，成为明清时代中国文明无价的历史见证。1987 年，北京故宫被联合国教科文组织列入《世界遗产名录》。\n\n故宫坐北朝南，开有四条门。各位朋友，这里就是故宫的正门，叫午门，意思是正午的太阳光芒四射。各位请看！在 10 米高的城墙上耸立着五座崇楼，楼顶飞檐翘起，从上面看'}, {'title': './file_path/2023北京导游词.docx', 'content': '【午门前讲故宫导游词】\n\n\n\n故宫又名紫禁城,建成于明永乐十八年,是中国保存最完整、规模最大的古代皇宫建筑群。明建文帝削藩引起燕王朱棣不满，朱棣通过“靖难之役”夺得皇位，定都南京。因北京是朱 棣的龙兴之地，亲信、势力都集中在北京，而且，北京地处北方咽喉要地，有利于抗击北元 残余势力的南犯。所以，永乐皇帝下令迁都北京。明永乐四年，明成祖朱棣下诏，正式启动 北京宫城的建设。此间动用工匠 23 万、民夫百万，至永乐十八年竣工。永乐十九年元旦吉 日，明成祖朱棣御奉天殿受朝贺，紫禁城正式启用。\n\n明朝自成祖朱棣到思宗朱由检，共有 14 位皇帝在紫禁城内生活起居、治理国家。清朝定都北京后继续沿用明朝的宫殿，并对部分区域进行了较大规模的改造，如：文渊阁、宁寿全宫、南三所、西五所、斋宫、毓庆宫等。另外，清朝特别重视防火，并采取了多种措施，如：对建筑进行了防火结构的改造；建立火班（消防队）；配备消防器材等。'}, {'title': './file_path/2023北京导游词.docx', 'content': '【午门前讲故宫导游词】\n\n\n\n故宫又名紫禁城,建成于明永乐十八年,是中国保存最完整、规模最大的古代皇宫建筑群。明建文帝削藩引起燕王朱棣不满，朱棣通过“靖难之役”夺得皇位，定都南京。因北京是朱 棣的龙兴之地，亲信、势力都集中在北京，而且，北京地处北方咽喉要地，有利于抗击北元 残余势力的南犯。所以，永乐皇帝下令迁都北京。明永乐四年，明成祖朱棣下诏，正式启动 北京宫城的建设。此间动用工匠 23 万、民夫百万，至永乐十八年竣工。永乐十九年元旦吉 日，明成祖朱棣御奉天殿受朝贺，紫禁城正式启用。\n\n明朝自成祖朱棣到思宗朱由检，共有 14 位皇帝在紫禁城内生活起居、治理国家。清朝定都北京后继续沿用明朝的宫殿，并对部分区域进行了较大规模的改造，如：文渊阁、宁寿全宫、南三所、西五所、斋宫、毓庆宫等。另外，清朝特别重视防火，并采取了多种措施，如：对建筑进行了防火结构的改造；建立火班（消防队）；配备消防器材等。\n\n清朝自世祖福临到逊帝溥仪，共有 10 位皇帝在紫禁城内生活起居、治理国家。清宣统三年，末代皇帝溥仪退位。根据民国政府所答应的“关于清帝逊位后优待之条件”，清廷皇室成员仍可居住在紫禁城内廷。直至民国十三年，冯玉祥发动“北平政变”，要求溥仪“即日移出宫禁”，溥仪才搬出紫禁城。此间仍有人使用过紫禁城，那就是民国二年十月十日，袁世凯在紫禁城太和殿举行了大总统就职典礼。为此，袁世凯下令撤掉了皇帝宝座，换成西式靠椅，并取消了紫禁城前朝匾额上的满文。1925 年 10 月 10 日，紫禁城改称“故宫博物院”，正式对社会开放。\n\n新中国成立以后，我国政府花费巨资对紫禁城进行了维护和修缮，使紫禁城再次焕发青春。紫禁城这个名字是根据天象取的。古代天文学家将天体分为三垣四象二十八星宿。三垣是指太微垣、紫微垣、天市垣，紫微垣居天体中央，北极星又是紫微垣的中心，为天帝所居，称“紫宫”。人间的皇宫是应天象而建的，故取“紫”字。“禁”是指皇家禁地，万民莫入，故称“紫禁城”。紫禁城坐落在北京的中轴线上。其建筑布局突出了一条\n\n\n\n\n\n明显的中轴线，主要建筑都在其上。红砖墙、黄色琉璃瓦、青白石基座体现出了皇家的气势，突出了皇权的至高无上。紫禁城有四座城门，南面为午门、北面为神武门、东面为东华门、西面为西华门。紫禁城以乾清门前的小广场为界，南面是前朝部分，北面是后廷部分。'}]",长城,0.7775796501934799,0.35294117647058826,0.9999999999,1.0
什么是北京中轴线上唯一的宗教性建筑？,"['层重檐歇山顶建制，覆盖绿色琉璃瓦。箭楼上面设有箭窗 94 个，在打仗时这里可以射杀城外的敌人。城楼和箭楼是当时北京内城中最高大的宏伟的建筑。城楼和箭楼围成的空间称“瓮城”。瓮城内东侧是观音庙，明清时期这两座庙的香火非常旺盛。瓮城前是正阳桥与五牌楼。\n\n明清时期的天安门及天安门广场我就给大家介绍到这里。谢谢！\n\n\n\n故宫\n\n各位朋友，先自我介绍一下。今天我将带大家参观故宫博物院，现在我先为大家作个简单的介绍。\n\n故宫位于北京市城区中心，是明、清两代的皇宫，是当今世界上现存规模最大、建筑最雄伟、保存最完整的古代皇家宫殿。故宫又叫紫禁城。紫禁城是中国五个多世纪以来的最高权力中心，它以园林景观和容纳了家具及工艺品的 9000 个房间的庞大建筑群，成为明清时代中国文明无价的历史见证。1987 年，北京故宫被联合国教科文组织列入《世界遗产名录》。\n\n故宫坐北朝南，开有四条门。各位朋友，这里就是故宫的正门，叫午门，意思是正午的太阳光芒四射。各位请看！在 10 米高的城墙上耸立着五座崇楼，楼顶飞檐翘起，从上面看', '天泉井于神库门前有一眼水井，因其水清味甜而得名。祭天祈谷时用的供馔和糕点，全用此水调制。\n\n现在在我们左手边的是七星石位于长廊东南侧的旷地中，共有七大一小石块。但为何称作“七星石”呢？据传说，明永乐帝迁都北京时，想修建一座祭天地的坛庙建筑，但难找到合适的地方。这时，有一晚他梦见天上北斗七星落地于此，谓之天遂人意，为其解了不决之难，从而降旨于此地建造祭坛。据资料记载，七星石为明代嘉靖九年，经人工雕凿后而置于此处的。嘉靖皇帝十分迷信道教，道士对他说，祈年殿东南方太为空旷，这对他的皇位、寿命不利。于是便设七星石在此，以镇压风水。在七星石东北隅还有一块小石头，据说这是清朝统治者为了纪念他们的祖先功德而增置的。其设于七星石的东北方向，用以表示不忘本源之意。\n\n这里是天坛的东门，关于天坛就给大家介绍到这里，谢谢大家。\n\n颐和园\n\n各位游客大家好，我是**旅行社的导游员，今天就有我来带领大家共同游览这个清代的皇家园林——颐和园。希望我的讲解能够令各位满意，是我们共同度过这一美好的时光。\n\n我们现在即将前往的就是颐和园，利用这一段时间，我向大家简短地介绍一下颐和园的历史以及现在的状况。', '两，是颐和园当中花费最多的工程。它是全园建筑的中心，以 8 根铁梨木为支柱，支撑着\n\n\n\n41 米高的三层，八面，四重檐的阁楼，艺术水准非常高，原来在这里供奉有 5 米多高的金身佛香。\n\n智慧海在外寿山的最高处，建于乾隆年间，名称来自《无量寿经》中“如来智慧海，身府无崖底。”意思是如来佛智慧如海，佛法无边。这里是一座用琉璃砖瓦和石料建成的两层无梁殿，原来供奉有无量寿佛，外壁上还嵌着 1008 尊小佛，虽然在 1860 年英法联军入侵的时候殿堂没有被烧毁，但是这些佛像却遭到了破坏。\n\n好了，我的讲解就到这结束了，谢谢各位的支持，祝大家在接下来的旅途中玩得开心。\n\n明十三陵\n\n现在大家已经来到了北京的远郊昌平区，那即将进入的就是十三陵景区。利用这段时间，我来给大家讲解一下十三陵的历史背景和说明。']","北京中轴线上唯一的宗教性建筑是天坛。不过，您提到的“北京中轴线”似乎与我找到的信息不完全匹配，因为上述信息主要介绍了长城及其相关的历史背景。天坛位于北京市中心，是中国古代皇帝祭天的地方，它坐落在北京城南端，属于北京中轴线上的重要建筑之一。如果您需要更多关于天坛或北京中轴线其他部分的信息，请告诉我！ [{'title': './file_path/（六）长城.txt', 'content': '墙台：墙台是何墙体在同一平面，向外突出的平台，也叫“马面”突出部位砌有垛墙，平时放哨、习武，战时兵卒可以站在突出墙体的地方从侧面攻击登城的敌人。\n    烽火台：烽火台位于城墙墙体之外不与墙体相连，是一个独立的建山体拐角处，是传递军情的设施。白天报警点烟称烽，夜间报警放火叫燧。报警时用狼粪做燃料，烟飘的高不容易散，非常醒目，又叫狼烟。所以烽火台又称烽燧，狼烟台等。明成化年间规定，来犯之敌百余人左右，燃一烟点一炮；五百人左右，燃两烟点两炮；千人以上，燃三烟点三炮；五千人以上，燃四烟，点四炮；万人以上，燃五烟点五炮。\n    北京段的长城为什么修建在这里呢？这是北京的地形所决定的，北京北军都山，西有西山，两山在北京的西北部交会形成峡谷，成为人们往来最重要的通道。因为古代在峡谷中建有居庸关，故名关沟。关沟东起昌平区南口镇，西北到延庆县八达岭，全长 20 公里，是北京通往蒙古高原的重要通道。关沟内花木郁葱，溪水长流，风景秀丽，又有很多民间传说及名人佚事，民间传说很多，于是衍生出“关沟七十二景”，有仙人枕、点将台、望京石等等。\n    关沟自古为兵家必争之地。明代因关沟是北京的关防重点，因此在关沟内设置了四道防线重兵把守。也就是俗称的4关，它们分别是八达岭关、上关、居庸关、下关。\n    居庸关位于两山夹峙、陡峭难攀的峡谷中，又有下关与八达岭两个周边关，自古有“绝险”之称。“居庸”一词最早见于《吕氏春秋》中“天下九塞，居庸其一”。居庸关与山海关、嘉峪关并称明长城全线著名的三关。居庸关又被称为天下第一雄关。现在居庸关上的南北两门上的“居庸关”三字匾额是明景泰年间所题。\n    居庸关关城里有一座汉白玉砌筑的高台叫云台，始建于元代，原是一个过街塔建筑，当时台上有3座并列的白色覆钵式白塔。元末明初佛塔毁坏，只剩下汉白玉台座，因为云台上雕饰了很多藏传佛教图像与文字。所以云台具有极高的文物价值。在居庸关边上有乾隆皇帝御笔题写——著名的燕京八景之一的“居庸叠翠”。\n    在关沟中与公路平行的这条铁路就是著名的京张铁路了，它全长200多千米，是我国清末爱国工程师詹天佑主持修建的，是中国人自己设计施工的第一条铁路，并创造性的设计了“人”字形铁路、“之”字形爬山，解决了火车不能直接爬坡和拐弯的问题。而且成功的打通了长达 1091 米的隧道。这在当时是非常不容易的。'}, {'title': './file_path/2023北京导游词.docx', 'content': '长城\n\n尊敬的游客朋友：\n\n\n\n大家好！欢迎您来到长城游玩，希望我们的服务能让您多一份欢乐，也希望您能玩得开心，玩得尽兴，玩得满足。接下来，我先向诸位介绍一下长城的概况。\n\n长城位于北京的北面，始建于春秋战国时期。那时各个诸侯国为了互相防御，就在自己境内地势险要的地方修筑长城。秦始皇统一中国后，为防御北方匈奴的入侵，便将各诸侯国的长城连接起来，并将其延长，号称“万里长城”。长城，远远望去像一条长龙，在巍巍群\n\n\n\n山之间蜿蜒盘旋。它全长一万三千多里。国父孙中山参观长城后，评价道：“中国最有名之工程者，万里长城也。工程之大，古无其匹，为世界独一之奇观。”'}, {'title': './file_path/2023北京导游词.docx', 'content': '随着参观定陵的活动结束，我们今天的明十三陵之行也将近尾声了，相信大家一定都为这座巨大的帝王陵墓群而感叹，随着我国文物保护工作的不断开展，国家投入了大量的资金修缮明十三陵，这座规模宏大的帝王陵寝也将被永久地保存下去。同时，我也希望各位游客能对这里留下美好的印象，欢迎各位下次再来参观。\n\n\n\n\n\n长城\n\n尊敬的游客朋友：\n\n\n\n大家好！欢迎您来到长城游玩，希望我们的服务能让您多一份欢乐，也希望您能玩得开心，玩得尽兴，玩得满足。接下来，我先向诸位介绍一下长城的概况。\n\n长城位于北京的北面，始建于春秋战国时期。那时各个诸侯国为了互相防御，就在自己境内地势险要的地方修筑长城。秦始皇统一中国后，为防御北方匈奴的入侵，便将各诸侯国的长城连接起来，并将其延长，号称“万里长城”。长城，远远望去像一条长龙，在巍巍群\n\n\n\n山之间蜿蜒盘旋。它全长一万三千多里。国父孙中山参观长城后，评价道：“中国最有名之工程者，万里长城也。工程之大，古无其匹，为世界独一之奇观。”\n\n我们今天游览的是修筑在八达岭上的一段长城。八达岭长城是历史上许多重大事件的见证，例如萧太后巡幸，元太祖入关，慈禧太后西逃等等，八达岭都是必经之路。说到这里，还有一个故事要讲给大家：位于关城东门路旁，有一块巨石，传说在 1900 年八国联军攻入北京，慈禧在西逃的途中经过这里，曾经站在这块石头上回望京城，所以这块石头也就被叫做望京石。但现在这块石头已经不那么突出了。我们今天游览的这段长城高大坚固，是用巨大的条石和城砖筑成的。城墙顶上每隔三百多米就有一座“烽火台”，也就是方形的城台。在这“烽火台”上，周幽王还曾经导演过一起“烽火戏诸侯”的历史闹剧。在秦始皇修筑长城时，动用了百万之众，竟占全国人口的 1/20！想当初，古代人民艰苦劳动，才把那一块块重达千斤的条石、城砖抬上这峭壁深壑。因此，为了尊重古代的劳动人民，我在此提几点要求：\n\n\t不要乱涂乱画。\n\n\n\n\t不要把塑料袋、废纸等垃圾随手丢弃。\n\n\n\n\t不要破坏建筑物。\n\n\n\n长城，用“举世无双，独一无二”来形容它，一点也不过分。今天，就让我们怀着“不到长城非好汉”的心态登上它，领略它的雄伟，壮观。\n\n长城是世界闻名的奇迹之一，它像一条巨龙盘踞在中国北方的辽阔的土地上。它是中国古代劳动人民血液的结晶，也是中国古代文化的象征和中华民族的骄傲。'}]",钦安殿,0.8652234705225988,0.2,0.0,0.0
什么是金凤颁诏？,"['天安门城楼的主要用途是什么呢？在明清两朝这里是举行颁诏礼的地方。所谓颁诏礼就是皇帝向全国颁布诏书的仪式。凡遇国家大典，如新皇帝登基、册立皇后、册立太子、命将出征等，都要在天安门城楼上举行隆重的颁诏仪式。颁诏礼的大致过程是这样的：届时，于城楼大殿前正中设立宣诏台。由礼部尚书在紫禁城太和殿奉接皇帝诏书，盖上御宝，把诏书敬放在云盘内，捧出太和门，置于抬着的龙亭内，再出午门，登上天安门城楼。然后将诏书恭放于宣诏台上，由宣诏官进行宣读。文武百官按等级依次排列于金水桥南，面北而跪恭听。宣诏完毕，就把皇帝诏书衔放在一只木雕金凤的嘴里，再用黄绒绳从上系下，礼部官员托着朵云盘在下跪接，接着用龙亭将诏书抬到礼部，经黄纸誊写，分送各地，布告天下。这种颁发封建帝王圣旨礼仪的全过程，就叫做“金凤颁诏”。', '将军打了胜仗向皇帝进献俘虏的仪式，颁朔礼就是皇帝每年十月初一向全国颁布历书的仪式。', '北京的八达岭长城是我国万里长城中独具代表性的一段。这里地势险要，城关坚固，是长城重要关口居庸关的前哨，八达岭长城历来是兵家必争之地。这里为什么叫八达岭呢？因为从这里往北可达延庆、赤城；往南可达昌平、北京市内；往东可达永宁、四海、密云；往西可达沙城、宣化、怀来、大同、张家口；道路四通八达，故称八达岭。八达岭是居庸关的门户。因此古人曾说“居庸之险，不在关，而在八达岭”。\n    八达岭长城是由关城，岔道城，墙体，敌台，烽火台，排洪洞等建筑组成，是明长城中最典型的一段。是北京境内长城中保存最完好，工程质量最佳，结构最严谨的一段。其中墙体长约12千米，敌台24座，墙台4座。\n    关城：关城建于明代，面积约 5000平方米，城高7.5米。关城东门上刻“居庸外镇”。意为居庸关外又一重镇。西门上刻“北门锁钥”。意思是此处是军事重镇，好像北京的门户上的一把锁，一旦被打开，整个北京也就门户洞开了。\n    关城内的墩台高达厚实，下部用十多层花岗岩条石垒砌，上部为城砖，宽20 多米，是长城中最壮观的墩台之一。在登城口内有明崇祯年间铸造的大炮“神威大将军”。\n    岔道城：由于关城地域狭小，很难驻守大量官兵，明嘉靖三十年（1551）又在关城西北另建岔道城，城中建有守备衙门、武器弹药库、粮库、兵营等。\n    墙体：墙体平均高7.8米，墙基平均宽5.8米左右，可容10人并进或5 马并骑。内侧称女儿墙，高约1米；外侧称垛墙或雉堞，高近2米。垛墙上凸出的部分称垛口，低凹的部分称堞口，每个垛9上有望孔，下由射孔。墙顶上还设由排水沟和吐水嘴，吐水嘴做成长长的石槽伸出墙外，以防雨水冲刷墙体。\n    敌台：敌台是跨墙而筑，高出墙体，两层或三层的建筑，上面四面开有望孔和箭窗。里面分隔成相互连通的屋子，分别用于士卒居住和存放武器、弹药、粮食。\n    墙台：墙台是何墙体在同一平面，向外突出的平台，也叫“马面”突出部位砌有垛墙，平时放哨、习武，战时兵卒可以站在突出墙体的地方从侧面攻击登城的敌人。']","金凤颁诏是明清两朝在天安门城楼上举行的一种隆重仪式，用于皇帝向全国颁布诏书。这个仪式通常在国家大典时进行，比如新皇帝登基、册立皇后或太子等重要时刻。仪式过程中，礼部尚书会从紫禁城太和殿接过盖有御宝的诏书，并将其放置于云盘内，随后通过一系列庄重的步骤将诏书带到天安门城楼。宣诏官会在宣诏台上宣读诏书内容，文武百官则面北而跪听宣读。宣读后，诏书会被放在一只木雕金凤口中，用黄绒绳系下，由礼部官员接住后誊写并分送各地，以布告天下。

因此，金凤颁诏确实与北京的天安门有着直接的关系，它是利用天安门作为象征性的场所来展示皇权以及传达重要的官方信息给全国人民的一种方式。 [{'title': './file_path/2023北京导游词.docx', 'content': '天安门城楼的主要用途是什么呢？在明清两朝这里是举行颁诏礼的地方。所谓颁诏礼就是皇帝向全国颁布诏书的仪式。凡遇国家大典，如新皇帝登基、册立皇后、册立太子、命将出征等，都要在天安门城楼上举行隆重的颁诏仪式。颁诏礼的大致过程是这样的：届时，于城楼大殿前正中设立宣诏台。由礼部尚书在紫禁城太和殿奉接皇帝诏书，盖上御宝，把诏书敬放在云盘内，捧出太和门，置于抬着的龙亭内，再出午门，登上天安门城楼。然后将诏书恭放于宣诏台上，由宣诏官进行宣读。文武百官按等级依次排列于金水桥南，面北而跪恭听。宣诏完毕，就把皇帝诏书衔放在一只木雕金凤的嘴里，再用黄绒绳从上系下，礼部官员托着朵云盘在下跪接，接着用龙亭将诏书抬到礼部，经黄纸誊写，分送各地，布告天下。这种颁发封建帝王圣旨礼仪的全过程，就叫做“金凤颁诏”。'}, {'title': './file_path/2023北京导游词.docx', 'content': '将军打了胜仗向皇帝进献俘虏的仪式，颁朔礼就是皇帝每年十月初一向全国颁布历书的仪式。'}, {'title': './file_path/（六）长城.txt', 'content': '北京的八达岭长城是我国万里长城中独具代表性的一段。这里地势险要，城关坚固，是长城重要关口居庸关的前哨，八达岭长城历来是兵家必争之地。这里为什么叫八达岭呢？因为从这里往北可达延庆、赤城；往南可达昌平、北京市内；往东可达永宁、四海、密云；往西可达沙城、宣化、怀来、大同、张家口；道路四通八达，故称八达岭。八达岭是居庸关的门户。因此古人曾说“居庸之险，不在关，而在八达岭”。\n    八达岭长城是由关城，岔道城，墙体，敌台，烽火台，排洪洞等建筑组成，是明长城中最典型的一段。是北京境内长城中保存最完好，工程质量最佳，结构最严谨的一段。其中墙体长约12千米，敌台24座，墙台4座。\n    关城：关城建于明代，面积约 5000平方米，城高7.5米。关城东门上刻“居庸外镇”。意为居庸关外又一重镇。西门上刻“北门锁钥”。意思是此处是军事重镇，好像北京的门户上的一把锁，一旦被打开，整个北京也就门户洞开了。\n    关城内的墩台高达厚实，下部用十多层花岗岩条石垒砌，上部为城砖，宽20 多米，是长城中最壮观的墩台之一。在登城口内有明崇祯年间铸造的大炮“神威大将军”。\n    岔道城：由于关城地域狭小，很难驻守大量官兵，明嘉靖三十年（1551）又在关城西北另建岔道城，城中建有守备衙门、武器弹药库、粮库、兵营等。\n    墙体：墙体平均高7.8米，墙基平均宽5.8米左右，可容10人并进或5 马并骑。内侧称女儿墙，高约1米；外侧称垛墙或雉堞，高近2米。垛墙上凸出的部分称垛口，低凹的部分称堞口，每个垛9上有望孔，下由射孔。墙顶上还设由排水沟和吐水嘴，吐水嘴做成长长的石槽伸出墙外，以防雨水冲刷墙体。\n    敌台：敌台是跨墙而筑，高出墙体，两层或三层的建筑，上面四面开有望孔和箭窗。里面分隔成相互连通的屋子，分别用于士卒居住和存放武器、弹药、粮食。\n    墙台：墙台是何墙体在同一平面，向外突出的平台，也叫“马面”突出部位砌有垛墙，平时放哨、习武，战时兵卒可以站在突出墙体的地方从侧面攻击登城的敌人。'}]",明清两朝在天安门城楼上举行的一种隆重的仪式，用于皇帝向全国颁布诏书。,0.586360846246036,,0.9999999999,1.0
金水河上的桥都有哪些？,"['天安门城楼前有什么设施呢？在城楼南面有一条河称“金水河”。它为什么叫金水河呢？因为五行中西方属金，北方属水，此河从西北流向东南，故称“金水河”。金水河上有七座汉白玉石桥，中间五座正对着天安门城台的五个券门，中间的桥最宽等级最高为御路桥，桥栏望柱上雕刻着精美的云龙图案。它是供帝后专用的；御路桥两侧为皇族桥，桥身比御路桥略窄，等级次之，它是供宗室帝王行走的；皇族桥两侧为品级桥，桥身比皇族桥略窄，等级更低，它是供三品以上官员行走的；另外两座桥分别位于太庙和社稷坛的南大门前称公生桥，等级最低，它是供四品以下官员、兵弁、杂役行走。皇族桥、品级桥、公升桥望柱均是火焰式。上刻有阴线 24 条，称“二十四气”式。\n\n\n\n天安门前有一对雕刻于明永乐年间的汉白玉石狮子，东侧的雄狮是脚踏绣球，寓意一统寰宇；西侧的都是雌狮脚踩幼狮，寓意子孙绵延。两对石狮的头部都面向内侧，以示保卫御路。石狮为镇物，一般至于大门前。', '北京导游考试口试标准导游词之十六——长城题签：长城\n    长城是我国古代一项伟大的防御工事，是我国古代劳动人民创造的伟大的奇迹，1987年被列入《世界遗产名录》。\n    中国最早修筑长城是在春秋战国时期，当时各诸侯国为了争霸连年征战，为了有效的抵御入侵，各诸侯国在各自的边境上修筑了一系列能够传递信息的烽火台，以及具有防御性的驻军城堡，这些城堡当时被称为“列城”。在我国历史上最早修筑长城的是楚国，在历史是被称为“万城”或“方城”。之后各诸侯国纷纷效仿。齐国用黄土夯筑或用石块垒砌，修筑了从西到东，直至入海的长城。燕国也修筑了易水长城和北长城。此外赵国、秦国也分别在各自边境修筑了长城，这些城墙奠定了中国北方长城的基础。\n在中国历史上有三次修筑长城高峰。\n    第一次是在秦朝，秦始皇统一中国后，为了维护中原地区的封建经济的稳定发展，秦始皇派大将军蒙恬率30万军队及数百万民夫，先修建了秦赵燕三国北部的旧长城，再另筑部分新长城将他们连接起来形成了西起临洮东至辽东，长达7000公里。\n    第二次是西汉初年为了抵御匈奴的不断南侵和保护新开发的“丝绸之路”在采取坚决抗击政策的同时，修筑了规模宏大的汉长城。汉长城西起新疆的罗布泊，东至辽东，长达10000余公里，是中国历史上最长的长城，汉代是中国历史上修筑万里长城的第2次高峰。\n    第三次是明朝，逃回蒙古的元顺帝仍然保持有较大的军事实力，经常派兵南下，意图收复失地。明代后期，东北又有女真族的崛起。面对蒙古与女真的威胁，明代始终十分重视北方的防务。从朱元璋建国第一年，就派大将徐达北上修筑长城，直到明王朝灭亡，200多年中一直没有停过，其中大规模修筑就多达18次。司马迁总结了长城的建造选址原则“因地形，制险用塞”，可见历朝的长城都建在险峻之处。\n    明长城西起甘肃嘉峪关，东至辽东的鸭绿江边的虎山。全长 7000 多公里，经过了九个省，直辖市，自治区，即我们今天所看到的长城。明代把长城沿线分为九个防守区域，每个区域设镇守，称为“九边九镇”。明代是中国历史上修筑长城的第三次高峰，也是最后一次高峰。', '北京的八达岭长城是我国万里长城中独具代表性的一段。这里地势险要，城关坚固，是长城重要关口居庸关的前哨，八达岭长城历来是兵家必争之地。这里为什么叫八达岭呢？因为从这里往北可达延庆、赤城；往南可达昌平、北京市内；往东可达永宁、四海、密云；往西可达沙城、宣化、怀来、大同、张家口；道路四通八达，故称八达岭。八达岭是居庸关的门户。因此古人曾说“居庸之险，不在关，而在八达岭”。\n    八达岭长城是由关城，岔道城，墙体，敌台，烽火台，排洪洞等建筑组成，是明长城中最典型的一段。是北京境内长城中保存最完好，工程质量最佳，结构最严谨的一段。其中墙体长约12千米，敌台24座，墙台4座。\n    关城：关城建于明代，面积约 5000平方米，城高7.5米。关城东门上刻“居庸外镇”。意为居庸关外又一重镇。西门上刻“北门锁钥”。意思是此处是军事重镇，好像北京的门户上的一把锁，一旦被打开，整个北京也就门户洞开了。\n    关城内的墩台高达厚实，下部用十多层花岗岩条石垒砌，上部为城砖，宽20 多米，是长城中最壮观的墩台之一。在登城口内有明崇祯年间铸造的大炮“神威大将军”。\n    岔道城：由于关城地域狭小，很难驻守大量官兵，明嘉靖三十年（1551）又在关城西北另建岔道城，城中建有守备衙门、武器弹药库、粮库、兵营等。\n    墙体：墙体平均高7.8米，墙基平均宽5.8米左右，可容10人并进或5 马并骑。内侧称女儿墙，高约1米；外侧称垛墙或雉堞，高近2米。垛墙上凸出的部分称垛口，低凹的部分称堞口，每个垛9上有望孔，下由射孔。墙顶上还设由排水沟和吐水嘴，吐水嘴做成长长的石槽伸出墙外，以防雨水冲刷墙体。\n    敌台：敌台是跨墙而筑，高出墙体，两层或三层的建筑，上面四面开有望孔和箭窗。里面分隔成相互连通的屋子，分别用于士卒居住和存放武器、弹药、粮食。\n    墙台：墙台是何墙体在同一平面，向外突出的平台，也叫“马面”突出部位砌有垛墙，平时放哨、习武，战时兵卒可以站在突出墙体的地方从侧面攻击登城的敌人。']",对不起，我暂时无法查询到金水河上的桥的具体信息。这可能是由于我的数据源出现了问题。不过，据我所知，金水河上最著名的桥梁之一是位于北京故宫前的金水桥，它不仅具有实用性，还是一件精美的艺术品。如果您想了解更详细的信息或有其他问题，请告诉我！ [],金水河上共有七座汉白玉石桥，这些桥根据其位置和用途有着不同的等级。,0.0,0.2857142857142857,0.9999999999,1.0
故宫什么时候建成的,"['【午门前讲故宫导游词】\n\n\n\n故宫又名紫禁城,建成于明永乐十八年,是中国保存最完整、规模最大的古代皇宫建筑群。明建文帝削藩引起燕王朱棣不满，朱棣通过“靖难之役”夺得皇位，定都南京。因北京是朱 棣的龙兴之地，亲信、势力都集中在北京，而且，北京地处北方咽喉要地，有利于抗击北元 残余势力的南犯。所以，永乐皇帝下令迁都北京。明永乐四年，明成祖朱棣下诏，正式启动 北京宫城的建设。此间动用工匠 23 万、民夫百万，至永乐十八年竣工。永乐十九年元旦吉 日，明成祖朱棣御奉天殿受朝贺，紫禁城正式启用。\n\n明朝自成祖朱棣到思宗朱由检，共有 14 位皇帝在紫禁城内生活起居、治理国家。清朝定都北京后继续沿用明朝的宫殿，并对部分区域进行了较大规模的改造，如：文渊阁、宁寿全宫、南三所、西五所、斋宫、毓庆宫等。另外，清朝特别重视防火，并采取了多种措施，如：对建筑进行了防火结构的改造；建立火班（消防队）；配备消防器材等。', '【午门前讲故宫导游词】\n\n\n\n故宫又名紫禁城,建成于明永乐十八年,是中国保存最完整、规模最大的古代皇宫建筑群。明建文帝削藩引起燕王朱棣不满，朱棣通过“靖难之役”夺得皇位，定都南京。因北京是朱 棣的龙兴之地，亲信、势力都集中在北京，而且，北京地处北方咽喉要地，有利于抗击北元 残余势力的南犯。所以，永乐皇帝下令迁都北京。明永乐四年，明成祖朱棣下诏，正式启动 北京宫城的建设。此间动用工匠 23 万、民夫百万，至永乐十八年竣工。永乐十九年元旦吉 日，明成祖朱棣御奉天殿受朝贺，紫禁城正式启用。\n\n明朝自成祖朱棣到思宗朱由检，共有 14 位皇帝在紫禁城内生活起居、治理国家。清朝定都北京后继续沿用明朝的宫殿，并对部分区域进行了较大规模的改造，如：文渊阁、宁寿全宫、南三所、西五所、斋宫、毓庆宫等。另外，清朝特别重视防火，并采取了多种措施，如：对建筑进行了防火结构的改造；建立火班（消防队）；配备消防器材等。\n\n清朝自世祖福临到逊帝溥仪，共有 10 位皇帝在紫禁城内生活起居、治理国家。清宣统三年，末代皇帝溥仪退位。根据民国政府所答应的“关于清帝逊位后优待之条件”，清廷皇室成员仍可居住在紫禁城内廷。直至民国十三年，冯玉祥发动“北平政变”，要求溥仪“即日移出宫禁”，溥仪才搬出紫禁城。此间仍有人使用过紫禁城，那就是民国二年十月十日，袁世凯在紫禁城太和殿举行了大总统就职典礼。为此，袁世凯下令撤掉了皇帝宝座，换成西式靠椅，并取消了紫禁城前朝匾额上的满文。1925 年 10 月 10 日，紫禁城改称“故宫博物院”，正式对社会开放。\n\n新中国成立以后，我国政府花费巨资对紫禁城进行了维护和修缮，使紫禁城再次焕发青春。紫禁城这个名字是根据天象取的。古代天文学家将天体分为三垣四象二十八星宿。三垣是指太微垣、紫微垣、天市垣，紫微垣居天体中央，北极星又是紫微垣的中心，为天帝所居，称“紫宫”。人间的皇宫是应天象而建的，故取“紫”字。“禁”是指皇家禁地，万民莫入，故称“紫禁城”。紫禁城坐落在北京的中轴线上。其建筑布局突出了一条\n\n\n\n\n\n明显的中轴线，主要建筑都在其上。红砖墙、黄色琉璃瓦、青白石基座体现出了皇家的气势，突出了皇权的至高无上。紫禁城有四座城门，南面为午门、北面为神武门、东面为东华门、西面为西华门。紫禁城以乾清门前的小广场为界，南面是前朝部分，北面是后廷部分。', '故宫坐北朝南，开有四条门。各位朋友，这里就是故宫的正门，叫午门，意思是正午的太阳光芒四射。各位请看！在 10 米高的城墙上耸立着五座崇楼，楼顶飞檐翘起，从上面看\n\n就像五只展翅欲飞的凤凰，故午门又称五凤楼。它建成于公元 1420 年，位于端门之北，雄伟壮观。\n\n各位朋友，现在我们已经进入故宫。这里是故宫第一进院落，首先出现在我们面前的是五座汉白玉石桥，它们象征五德，即仁、义、礼、智、信，是皇帝集美好的品质为一身的意\n\n\n\n思。金水桥下是内金水河，跨过金水桥就来到了太和门广场，这里就是明代皇帝御门听政时百官待驾的地方。\n\n好，下面请各位去参观末代皇帝溥仪举行登基大典礼的太和殿。现在我们来到了故宫中最重要的院落——太和殿及其广场，这里就是皇家举行盛大典礼的地方。好！这里可以拍下远处太和殿的全景，各位可以在此留个影，过一会儿，我再给大家介绍一下太和殿。']","故宫，又名紫禁城，是在明朝永乐十八年（公元1420年）建成的。它是中国保存最完整、规模最大的古代皇宫建筑群。故宫位于北京市中心，是明、清两代皇帝居住和处理政务的地方。自建成以来，故宫见证了中国几百年的历史变迁，并于1987年被联合国教科文组织列入《世界遗产名录》。

如果您计划参观故宫或有其他关于故宫的问题，欢迎随时向我询问！ [{'title': './file_path/2023北京导游词.docx', 'content': '层重檐歇山顶建制，覆盖绿色琉璃瓦。箭楼上面设有箭窗 94 个，在打仗时这里可以射杀城外的敌人。城楼和箭楼是当时北京内城中最高大的宏伟的建筑。城楼和箭楼围成的空间称“瓮城”。瓮城内东侧是观音庙，明清时期这两座庙的香火非常旺盛。瓮城前是正阳桥与五牌楼。\n\n明清时期的天安门及天安门广场我就给大家介绍到这里。谢谢！\n\n\n\n故宫\n\n各位朋友，先自我介绍一下。今天我将带大家参观故宫博物院，现在我先为大家作个简单的介绍。\n\n故宫位于北京市城区中心，是明、清两代的皇宫，是当今世界上现存规模最大、建筑最雄伟、保存最完整的古代皇家宫殿。故宫又叫紫禁城。紫禁城是中国五个多世纪以来的最高权力中心，它以园林景观和容纳了家具及工艺品的 9000 个房间的庞大建筑群，成为明清时代中国文明无价的历史见证。1987 年，北京故宫被联合国教科文组织列入《世界遗产名录》。\n\n故宫坐北朝南，开有四条门。各位朋友，这里就是故宫的正门，叫午门，意思是正午的太阳光芒四射。各位请看！在 10 米高的城墙上耸立着五座崇楼，楼顶飞檐翘起，从上面看'}, {'title': './file_path/2023北京导游词.docx', 'content': '【午门前讲故宫导游词】\n\n\n\n故宫又名紫禁城,建成于明永乐十八年,是中国保存最完整、规模最大的古代皇宫建筑群。明建文帝削藩引起燕王朱棣不满，朱棣通过“靖难之役”夺得皇位，定都南京。因北京是朱 棣的龙兴之地，亲信、势力都集中在北京，而且，北京地处北方咽喉要地，有利于抗击北元 残余势力的南犯。所以，永乐皇帝下令迁都北京。明永乐四年，明成祖朱棣下诏，正式启动 北京宫城的建设。此间动用工匠 23 万、民夫百万，至永乐十八年竣工。永乐十九年元旦吉 日，明成祖朱棣御奉天殿受朝贺，紫禁城正式启用。\n\n明朝自成祖朱棣到思宗朱由检，共有 14 位皇帝在紫禁城内生活起居、治理国家。清朝定都北京后继续沿用明朝的宫殿，并对部分区域进行了较大规模的改造，如：文渊阁、宁寿全宫、南三所、西五所、斋宫、毓庆宫等。另外，清朝特别重视防火，并采取了多种措施，如：对建筑进行了防火结构的改造；建立火班（消防队）；配备消防器材等。'}, {'title': './file_path/2023北京导游词.docx', 'content': '【午门前讲故宫导游词】\n\n\n\n故宫又名紫禁城,建成于明永乐十八年,是中国保存最完整、规模最大的古代皇宫建筑群。明建文帝削藩引起燕王朱棣不满，朱棣通过“靖难之役”夺得皇位，定都南京。因北京是朱 棣的龙兴之地，亲信、势力都集中在北京，而且，北京地处北方咽喉要地，有利于抗击北元 残余势力的南犯。所以，永乐皇帝下令迁都北京。明永乐四年，明成祖朱棣下诏，正式启动 北京宫城的建设。此间动用工匠 23 万、民夫百万，至永乐十八年竣工。永乐十九年元旦吉 日，明成祖朱棣御奉天殿受朝贺，紫禁城正式启用。\n\n明朝自成祖朱棣到思宗朱由检，共有 14 位皇帝在紫禁城内生活起居、治理国家。清朝定都北京后继续沿用明朝的宫殿，并对部分区域进行了较大规模的改造，如：文渊阁、宁寿全宫、南三所、西五所、斋宫、毓庆宫等。另外，清朝特别重视防火，并采取了多种措施，如：对建筑进行了防火结构的改造；建立火班（消防队）；配备消防器材等。\n\n清朝自世祖福临到逊帝溥仪，共有 10 位皇帝在紫禁城内生活起居、治理国家。清宣统三年，末代皇帝溥仪退位。根据民国政府所答应的“关于清帝逊位后优待之条件”，清廷皇室成员仍可居住在紫禁城内廷。直至民国十三年，冯玉祥发动“北平政变”，要求溥仪“即日移出宫禁”，溥仪才搬出紫禁城。此间仍有人使用过紫禁城，那就是民国二年十月十日，袁世凯在紫禁城太和殿举行了大总统就职典礼。为此，袁世凯下令撤掉了皇帝宝座，换成西式靠椅，并取消了紫禁城前朝匾额上的满文。1925 年 10 月 10 日，紫禁城改称“故宫博物院”，正式对社会开放。\n\n新中国成立以后，我国政府花费巨资对紫禁城进行了维护和修缮，使紫禁城再次焕发青春。紫禁城这个名字是根据天象取的。古代天文学家将天体分为三垣四象二十八星宿。三垣是指太微垣、紫微垣、天市垣，紫微垣居天体中央，北极星又是紫微垣的中心，为天帝所居，称“紫宫”。人间的皇宫是应天象而建的，故取“紫”字。“禁”是指皇家禁地，万民莫入，故称“紫禁城”。紫禁城坐落在北京的中轴线上。其建筑布局突出了一条\n\n\n\n\n\n明显的中轴线，主要建筑都在其上。红砖墙、黄色琉璃瓦、青白石基座体现出了皇家的气势，突出了皇权的至高无上。紫禁城有四座城门，南面为午门、北面为神武门、东面为东华门、西面为西华门。紫禁城以乾清门前的小广场为界，南面是前朝部分，北面是后廷部分。'}]",建成于明朝永乐十八年（公元1420年）,0.6821127737098475,0.8571428571428571,0.9999999999666667,1.0
长城什么时候开始建造的？,"['长城\n\n尊敬的游客朋友：\n\n\n\n大家好！欢迎您来到长城游玩，希望我们的服务能让您多一份欢乐，也希望您能玩得开心，玩得尽兴，玩得满足。接下来，我先向诸位介绍一下长城的概况。\n\n长城位于北京的北面，始建于春秋战国时期。那时各个诸侯国为了互相防御，就在自己境内地势险要的地方修筑长城。秦始皇统一中国后，为防御北方匈奴的入侵，便将各诸侯国的长城连接起来，并将其延长，号称“万里长城”。长城，远远望去像一条长龙，在巍巍群\n\n\n\n山之间蜿蜒盘旋。它全长一万三千多里。国父孙中山参观长城后，评价道：“中国最有名之工程者，万里长城也。工程之大，古无其匹，为世界独一之奇观。”', '北京导游考试口试标准导游词之十六——长城题签：长城\n    长城是我国古代一项伟大的防御工事，是我国古代劳动人民创造的伟大的奇迹，1987年被列入《世界遗产名录》。\n    中国最早修筑长城是在春秋战国时期，当时各诸侯国为了争霸连年征战，为了有效的抵御入侵，各诸侯国在各自的边境上修筑了一系列能够传递信息的烽火台，以及具有防御性的驻军城堡，这些城堡当时被称为“列城”。在我国历史上最早修筑长城的是楚国，在历史是被称为“万城”或“方城”。之后各诸侯国纷纷效仿。齐国用黄土夯筑或用石块垒砌，修筑了从西到东，直至入海的长城。燕国也修筑了易水长城和北长城。此外赵国、秦国也分别在各自边境修筑了长城，这些城墙奠定了中国北方长城的基础。\n在中国历史上有三次修筑长城高峰。\n    第一次是在秦朝，秦始皇统一中国后，为了维护中原地区的封建经济的稳定发展，秦始皇派大将军蒙恬率30万军队及数百万民夫，先修建了秦赵燕三国北部的旧长城，再另筑部分新长城将他们连接起来形成了西起临洮东至辽东，长达7000公里。\n    第二次是西汉初年为了抵御匈奴的不断南侵和保护新开发的“丝绸之路”在采取坚决抗击政策的同时，修筑了规模宏大的汉长城。汉长城西起新疆的罗布泊，东至辽东，长达10000余公里，是中国历史上最长的长城，汉代是中国历史上修筑万里长城的第2次高峰。\n    第三次是明朝，逃回蒙古的元顺帝仍然保持有较大的军事实力，经常派兵南下，意图收复失地。明代后期，东北又有女真族的崛起。面对蒙古与女真的威胁，明代始终十分重视北方的防务。从朱元璋建国第一年，就派大将徐达北上修筑长城，直到明王朝灭亡，200多年中一直没有停过，其中大规模修筑就多达18次。司马迁总结了长城的建造选址原则“因地形，制险用塞”，可见历朝的长城都建在险峻之处。\n    明长城西起甘肃嘉峪关，东至辽东的鸭绿江边的虎山。全长 7000 多公里，经过了九个省，直辖市，自治区，即我们今天所看到的长城。明代把长城沿线分为九个防守区域，每个区域设镇守，称为“九边九镇”。明代是中国历史上修筑长城的第三次高峰，也是最后一次高峰。', '北京导游考试口试标准导游词之十六——长城题签：长城\n    长城是我国古代一项伟大的防御工事，是我国古代劳动人民创造的伟大的奇迹，1987年被列入《世界遗产名录》。\n    中国最早修筑长城是在春秋战国时期，当时各诸侯国为了争霸连年征战，为了有效的抵御入侵，各诸侯国在各自的边境上修筑了一系列能够传递信息的烽火台，以及具有防御性的驻军城堡，这些城堡当时被称为“列城”。在我国历史上最早修筑长城的是楚国，在历史是被称为“万城”或“方城”。之后各诸侯国纷纷效仿。齐国用黄土夯筑或用石块垒砌，修筑了从西到东，直至入海的长城。燕国也修筑了易水长城和北长城。此外赵国、秦国也分别在各自边境修筑了长城，这些城墙奠定了中国北方长城的基础。\n在中国历史上有三次修筑长城高峰。\n    第一次是在秦朝，秦始皇统一中国后，为了维护中原地区的封建经济的稳定发展，秦始皇派大将军蒙恬率30万军队及数百万民夫，先修建了秦赵燕三国北部的旧长城，再另筑部分新长城将他们连接起来形成了西起临洮东至辽东，长达7000公里。']","长城的建造始于春秋战国时期，当时各诸侯国为了防御入侵，在各自的边境上修筑了一系列能够传递信息的烽火台以及具有防御性的驻军城堡。在中国历史上最早修筑长城的是楚国，之后齐国、燕国、赵国和秦国等也纷纷效仿，这些城墙奠定了中国北方长城的基础。

中国历史上有三次修筑长城的高峰：
- 第一次是在秦朝，秦始皇统一中国后，派大将军蒙恬率30万军队及数百万民夫修筑了西起临洮东至辽东的长城。
- 第二次是西汉初年，为了抵御匈奴的南侵和保护“丝绸之路”，修建了从新疆罗布泊到辽东的长城。
- 第三次是明朝，面对蒙古与女真的威胁，明代进行了长达200多年的长城修筑工程，这也是最后一次大规模修筑长城。<br>明长城西起甘肃嘉峪关，东至辽东鸭绿江边的虎山，全长7000多公里，经过九个省、直辖市、自治区，即为我们今天所见的长城。 [{'title': './file_path/（六）长城.txt', 'content': '北京导游考试口试标准导游词之十六——长城题签：长城\n    长城是我国古代一项伟大的防御工事，是我国古代劳动人民创造的伟大的奇迹，1987年被列入《世界遗产名录》。\n    中国最早修筑长城是在春秋战国时期，当时各诸侯国为了争霸连年征战，为了有效的抵御入侵，各诸侯国在各自的边境上修筑了一系列能够传递信息的烽火台，以及具有防御性的驻军城堡，这些城堡当时被称为“列城”。在我国历史上最早修筑长城的是楚国，在历史是被称为“万城”或“方城”。之后各诸侯国纷纷效仿。齐国用黄土夯筑或用石块垒砌，修筑了从西到东，直至入海的长城。燕国也修筑了易水长城和北长城。此外赵国、秦国也分别在各自边境修筑了长城，这些城墙奠定了中国北方长城的基础。\n在中国历史上有三次修筑长城高峰。\n    第一次是在秦朝，秦始皇统一中国后，为了维护中原地区的封建经济的稳定发展，秦始皇派大将军蒙恬率30万军队及数百万民夫，先修建了秦赵燕三国北部的旧长城，再另筑部分新长城将他们连接起来形成了西起临洮东至辽东，长达7000公里。\n    第二次是西汉初年为了抵御匈奴的不断南侵和保护新开发的“丝绸之路”在采取坚决抗击政策的同时，修筑了规模宏大的汉长城。汉长城西起新疆的罗布泊，东至辽东，长达10000余公里，是中国历史上最长的长城，汉代是中国历史上修筑万里长城的第2次高峰。\n    第三次是明朝，逃回蒙古的元顺帝仍然保持有较大的军事实力，经常派兵南下，意图收复失地。明代后期，东北又有女真族的崛起。面对蒙古与女真的威胁，明代始终十分重视北方的防务。从朱元璋建国第一年，就派大将徐达北上修筑长城，直到明王朝灭亡，200多年中一直没有停过，其中大规模修筑就多达18次。司马迁总结了长城的建造选址原则“因地形，制险用塞”，可见历朝的长城都建在险峻之处。\n    明长城西起甘肃嘉峪关，东至辽东的鸭绿江边的虎山。全长 7000 多公里，经过了九个省，直辖市，自治区，即我们今天所看到的长城。明代把长城沿线分为九个防守区域，每个区域设镇守，称为“九边九镇”。明代是中国历史上修筑长城的第三次高峰，也是最后一次高峰。'}, {'title': './file_path/（六）长城.txt', 'content': '北京导游考试口试标准导游词之十六——长城题签：长城\n    长城是我国古代一项伟大的防御工事，是我国古代劳动人民创造的伟大的奇迹，1987年被列入《世界遗产名录》。\n    中国最早修筑长城是在春秋战国时期，当时各诸侯国为了争霸连年征战，为了有效的抵御入侵，各诸侯国在各自的边境上修筑了一系列能够传递信息的烽火台，以及具有防御性的驻军城堡，这些城堡当时被称为“列城”。在我国历史上最早修筑长城的是楚国，在历史是被称为“万城”或“方城”。之后各诸侯国纷纷效仿。齐国用黄土夯筑或用石块垒砌，修筑了从西到东，直至入海的长城。燕国也修筑了易水长城和北长城。此外赵国、秦国也分别在各自边境修筑了长城，这些城墙奠定了中国北方长城的基础。\n在中国历史上有三次修筑长城高峰。\n    第一次是在秦朝，秦始皇统一中国后，为了维护中原地区的封建经济的稳定发展，秦始皇派大将军蒙恬率30万军队及数百万民夫，先修建了秦赵燕三国北部的旧长城，再另筑部分新长城将他们连接起来形成了西起临洮东至辽东，长达7000公里。'}, {'title': './file_path/2023北京导游词.docx', 'content': '楼至南 4 楼之间，山脊狭窄，山势陡峭，长城逶迤 400 多米。城顶最险处，坡度约为 70 度，\n\n几乎是直上直下。南 1 楼和南 2 楼，都没有修复二层，从南 3 楼遗存的柱础看，原来也有铺房。\n\n南峰长城以南 4 楼地势最高，海拔 803.6 米。登楼眺望，长城自西南向东北蜿蜒于山脊之上，宛如苍龙，宏伟壮观。使人不由地想起我国著名的长城专家罗哲文先生登临八达岭长城时咏的诗；千峰叠翠拥居庸，山北山南处处峰。锁钥北门天设险，半哉峻岭走长龙。从南 4 楼到南 7 楼，高度逐渐下降。南 5 楼与南 6 楼之间在长城的内侧距城墙 30 米的山脊上，\n\n耸立着一座白色的小亭，这就是 1987 年 6 月落成的“贵州省修复长城纪念碑亭”。南 6 楼是一座铺房，铺房建在上层的顶上，面阔三间，硬山顶，红柱子，灰色瓦，小巧玲珑。这大概是当年“千总”的指挥所。\n\n关于长城还有个传说，就是《孟姜女哭长城》的故事了。从前在秦朝的时候，有一户姓孟的人家，种了一棵瓜。瓜熟了，打开一看，里面有个又白又胖的小姑娘，从此，他就叫孟姜女。长大后，孟姜女跟公子范喜良结婚了。成亲那天，新郎新娘正要入洞房，忽然闯进了一群官兵，用一条铁链绑住了范喜良，硬把新郎抓去长城做工了。孟姜女日日夜夜的想着范喜良，就自己收拾好行李上路了，他不知走了多少路了，都找不着范喜良的踪影，最后，她问一对正在工作的民工，问：“你们这里有个叫范喜良的人吗?”民工说：”是有这个人，新来的。”孟姜女听了，别提有多高兴了!再问“他现在在哪儿?民工说：“他已经死了。尸体都已经填了城脚!“孟姜女听了哭了整整三天三夜，哭的连天都被感动了，风越来越猛烈，只听“哗啦”一声，一段长城倒了，露出来正是范喜良的尸首，孟姜女的眼泪滴在她的丈夫血肉模糊的脸上，她终于看见自己心爱的丈夫，但他却再也看不见孟姜女了，因为他已近被残暴的秦始皇给害死了。\n\n今天的长城，早已失去军事价值，而以其特有的魅力，吸引着广大中外游客，成为举世闻名的旅游胜地。随着旅游业的发展，长城这一中华民族的象征，全世界重要的文化遗产，\n\n会焕发出新的生机。以更优质的旅游服务、更优美的旅游环境迎接着大家的到来！'}]",修建始于春秋战国时期。,0.5922103341268375,1.0,0.9999999999666667,1.0
颐和园占地有多大？,"['作为他的私人财产一度开放，但是因为交通不便票价昂贵等原因，没什么人来。在 1924 年溥仪被逐出颐和园后，北洋政府将这里正式改为对外开放的公园。1948 年 12 月，人民政府接手这里后，经过综合治理，仍然保持着其皇家园林的风貌。而且这里还成为世界上造景丰富、建筑集中、保存最完整的皇家园林。\n\n我们即将所看到的颐和园共占地 290 公顷，其中陆地四分之一，水面达到了四分之三。根据皇家园林建园的用途和特点，可将颐和园景区分为政治活动区，帝后生活区和风景游览区三个部分。\n\n来到了东宫门，我们本次的游览也就正式开始了。', '这里是天坛的东门，关于天坛就给大家介绍到这里，谢谢大家。\n\n颐和园\n\n各位游客大家好，我是**旅行社的导游员，今天就有我来带领大家共同游览这个清代的皇家园林——颐和园。希望我的讲解能够令各位满意，是我们共同度过这一美好的时光。\n\n我们现在即将前往的就是颐和园，利用这一段时间，我向大家简短地介绍一下颐和园的历史以及现在的状况。\n\n\n\n最早在辽金时代的时候，皇帝就已经开始在北京修建皇家园林了。当时在今天的万寿山昆明湖一带修建了金山行宫，将这里称为金山、金山泊。到了元朝，有将这改名为翁山、翁山泊。而明代初期则改称西湖并修建了园静寺，命名为好山园。到了万历是十六年，也就是 1588 年，这里已经具有一定的园林规模，享有“十里青山行画里，双飞白鸟似江南”的称誉。然而让这里真正成为一处皇家园林的是清代。在康熙年间就曾在此修建行宫，到了乾隆十四年到二十九年，也就是 1749～1764 年，就在原来的基础上修建了清漪园，扩湖，推山，将湖称为昆明湖，山叫做万寿山。而且这里还成了著名的三山五园之一。和我国古代的大多数皇家建筑一样，这里也没能躲过入侵者的践踏，在 1860 年这里被英法联军抢掠并且烧毁了。过了一些年，慈禧太后挪用了海军经费对这里进行了重建，而且光绪皇帝下昭将这里改名为颐和园。可是在 1900 年的时候，颐和园又再次遭到了八国联军（俄英法德意日美奥）的严重破坏。从此之后对这里所进行的重修，因为财力不足，所以后山部分长期都没有修复。到了 1912 年，依照清史的优待条件，颐和园仍然掌握在逊帝溥仪手中。过了两年，这里曾\n\n作为他的私人财产一度开放，但是因为交通不便票价昂贵等原因，没什么人来。在 1924 年溥仪被逐出颐和园后，北洋政府将这里正式改为对外开放的公园。1948 年 12 月，人民政府接手这里后，经过综合治理，仍然保持着其皇家园林的风貌。而且这里还成为世界上造景丰富、建筑集中、保存最完整的皇家园林。\n\n我们即将所看到的颐和园共占地 290 公顷，其中陆地四分之一，水面达到了四分之三。根据皇家园林建园的用途和特点，可将颐和园景区分为政治活动区，帝后生活区和风景游览区三个部分。\n\n来到了东宫门，我们本次的游览也就正式开始了。', '来到了东宫门，我们本次的游览也就正式开始了。\n\n\n\n在东宫门外，有一座“涵虚”、“罨（yan）秀”的牌楼。其中涵虚的意思是天地开阔，山清水秀，包罗万象。罨秀是有捕捉美丽景色之意。而东宫门也是颐和园的正门。门上高悬的颐和园的匾额就是光绪皇帝的手书。颐和二字则取颐养精神、心情平和的意思。进入东宫门，我们首先来到的便是颐和园的政治活动区。南侧对称排列着南北九卿房，是清朝九卿六部值班的地方。在往前行，便来到了仁寿门，迎面看到的这五块太湖石叫做峰虚五老，寓意长寿。而在汉白玉须弥座上的这只铜制怪兽，人称麒麟，俗称四不象，是龙九子之一，象征吉祥富贵。在殿前还陈设有两对龙凤造型的铜香炉，在朝里活动中是用来点香，渲染气氛的。按古代礼制，龙居中，象征皇帝，凤在两侧，象征皇后。而在这里，却是龙在两侧，这与清朝末年慈禧太后垂帘听政不无关系，突出了凤的地位。\n\n我们面前这座雄伟的建筑就是仁寿殿。其实在乾隆年间的时候，规定凡是当朝的大殿就\n\n要叫做“勤政殿”，意思是游园不要忘了勤理政务。到了颐和园的时候，便将这里改为仁寿殿，取自孔子论语中的“仁者寿”，意思是施仁政的人可以长寿。现在，仁寿殿的陈设和原']","颐和园共占地290公顷，其中陆地占四分之一，水面达到了四分之三。这意味着颐和园的陆地面积约为72.5公顷（约725,000平方米），而水面面积则约为217.5公顷（约2,175,000平方米）。这座皇家园林以其丰富的造景、集中的建筑以及保存完好的风貌闻名于世。如果您还有其他关于颐和园的问题，欢迎随时提问！ [{'title': './file_path/2023北京导游词.docx', 'content': '这里是天坛的东门，关于天坛就给大家介绍到这里，谢谢大家。\n\n颐和园\n\n各位游客大家好，我是**旅行社的导游员，今天就有我来带领大家共同游览这个清代的皇家园林——颐和园。希望我的讲解能够令各位满意，是我们共同度过这一美好的时光。\n\n我们现在即将前往的就是颐和园，利用这一段时间，我向大家简短地介绍一下颐和园的历史以及现在的状况。\n\n\n\n最早在辽金时代的时候，皇帝就已经开始在北京修建皇家园林了。当时在今天的万寿山昆明湖一带修建了金山行宫，将这里称为金山、金山泊。到了元朝，有将这改名为翁山、翁山泊。而明代初期则改称西湖并修建了园静寺，命名为好山园。到了万历是十六年，也就是 1588 年，这里已经具有一定的园林规模，享有“十里青山行画里，双飞白鸟似江南”的称誉。然而让这里真正成为一处皇家园林的是清代。在康熙年间就曾在此修建行宫，到了乾隆十四年到二十九年，也就是 1749～1764 年，就在原来的基础上修建了清漪园，扩湖，推山，将湖称为昆明湖，山叫做万寿山。而且这里还成了著名的三山五园之一。和我国古代的大多数皇家建筑一样，这里也没能躲过入侵者的践踏，在 1860 年这里被英法联军抢掠并且烧毁了。过了一些年，慈禧太后挪用了海军经费对这里进行了重建，而且光绪皇帝下昭将这里改名为颐和园。可是在 1900 年的时候，颐和园又再次遭到了八国联军（俄英法德意日美奥）的严重破坏。从此之后对这里所进行的重修，因为财力不足，所以后山部分长期都没有修复。到了 1912 年，依照清史的优待条件，颐和园仍然掌握在逊帝溥仪手中。过了两年，这里曾\n\n作为他的私人财产一度开放，但是因为交通不便票价昂贵等原因，没什么人来。在 1924 年溥仪被逐出颐和园后，北洋政府将这里正式改为对外开放的公园。1948 年 12 月，人民政府接手这里后，经过综合治理，仍然保持着其皇家园林的风貌。而且这里还成为世界上造景丰富、建筑集中、保存最完整的皇家园林。\n\n我们即将所看到的颐和园共占地 290 公顷，其中陆地四分之一，水面达到了四分之三。根据皇家园林建园的用途和特点，可将颐和园景区分为政治活动区，帝后生活区和风景游览区三个部分。\n\n来到了东宫门，我们本次的游览也就正式开始了。'}, {'title': './file_path/2023北京导游词.docx', 'content': '作为他的私人财产一度开放，但是因为交通不便票价昂贵等原因，没什么人来。在 1924 年溥仪被逐出颐和园后，北洋政府将这里正式改为对外开放的公园。1948 年 12 月，人民政府接手这里后，经过综合治理，仍然保持着其皇家园林的风貌。而且这里还成为世界上造景丰富、建筑集中、保存最完整的皇家园林。\n\n我们即将所看到的颐和园共占地 290 公顷，其中陆地四分之一，水面达到了四分之三。根据皇家园林建园的用途和特点，可将颐和园景区分为政治活动区，帝后生活区和风景游览区三个部分。\n\n来到了东宫门，我们本次的游览也就正式开始了。'}, {'title': './file_path/2023北京导游词.docx', 'content': '来到了东宫门，我们本次的游览也就正式开始了。\n\n\n\n在东宫门外，有一座“涵虚”、“罨（yan）秀”的牌楼。其中涵虚的意思是天地开阔，山清水秀，包罗万象。罨秀是有捕捉美丽景色之意。而东宫门也是颐和园的正门。门上高悬的颐和园的匾额就是光绪皇帝的手书。颐和二字则取颐养精神、心情平和的意思。进入东宫门，我们首先来到的便是颐和园的政治活动区。南侧对称排列着南北九卿房，是清朝九卿六部值班的地方。在往前行，便来到了仁寿门，迎面看到的这五块太湖石叫做峰虚五老，寓意长寿。而在汉白玉须弥座上的这只铜制怪兽，人称麒麟，俗称四不象，是龙九子之一，象征吉祥富贵。在殿前还陈设有两对龙凤造型的铜香炉，在朝里活动中是用来点香，渲染气氛的。按古代礼制，龙居中，象征皇帝，凤在两侧，象征皇后。而在这里，却是龙在两侧，这与清朝末年慈禧太后垂帘听政不无关系，突出了凤的地位。\n\n我们面前这座雄伟的建筑就是仁寿殿。其实在乾隆年间的时候，规定凡是当朝的大殿就\n\n要叫做“勤政殿”，意思是游园不要忘了勤理政务。到了颐和园的时候，便将这里改为仁寿殿，取自孔子论语中的“仁者寿”，意思是施仁政的人可以长寿。现在，仁寿殿的陈设和原'}]",290公顷,0.6111921557142321,0.9166666666666666,0.99999999995,1.0
谁正式把颐和园改成对外开放的公园,"['作为他的私人财产一度开放，但是因为交通不便票价昂贵等原因，没什么人来。在 1924 年溥仪被逐出颐和园后，北洋政府将这里正式改为对外开放的公园。1948 年 12 月，人民政府接手这里后，经过综合治理，仍然保持着其皇家园林的风貌。而且这里还成为世界上造景丰富、建筑集中、保存最完整的皇家园林。\n\n我们即将所看到的颐和园共占地 290 公顷，其中陆地四分之一，水面达到了四分之三。根据皇家园林建园的用途和特点，可将颐和园景区分为政治活动区，帝后生活区和风景游览区三个部分。\n\n来到了东宫门，我们本次的游览也就正式开始了。', '这里是天坛的东门，关于天坛就给大家介绍到这里，谢谢大家。\n\n颐和园\n\n各位游客大家好，我是**旅行社的导游员，今天就有我来带领大家共同游览这个清代的皇家园林——颐和园。希望我的讲解能够令各位满意，是我们共同度过这一美好的时光。\n\n我们现在即将前往的就是颐和园，利用这一段时间，我向大家简短地介绍一下颐和园的历史以及现在的状况。\n\n\n\n最早在辽金时代的时候，皇帝就已经开始在北京修建皇家园林了。当时在今天的万寿山昆明湖一带修建了金山行宫，将这里称为金山、金山泊。到了元朝，有将这改名为翁山、翁山泊。而明代初期则改称西湖并修建了园静寺，命名为好山园。到了万历是十六年，也就是 1588 年，这里已经具有一定的园林规模，享有“十里青山行画里，双飞白鸟似江南”的称誉。然而让这里真正成为一处皇家园林的是清代。在康熙年间就曾在此修建行宫，到了乾隆十四年到二十九年，也就是 1749～1764 年，就在原来的基础上修建了清漪园，扩湖，推山，将湖称为昆明湖，山叫做万寿山。而且这里还成了著名的三山五园之一。和我国古代的大多数皇家建筑一样，这里也没能躲过入侵者的践踏，在 1860 年这里被英法联军抢掠并且烧毁了。过了一些年，慈禧太后挪用了海军经费对这里进行了重建，而且光绪皇帝下昭将这里改名为颐和园。可是在 1900 年的时候，颐和园又再次遭到了八国联军（俄英法德意日美奥）的严重破坏。从此之后对这里所进行的重修，因为财力不足，所以后山部分长期都没有修复。到了 1912 年，依照清史的优待条件，颐和园仍然掌握在逊帝溥仪手中。过了两年，这里曾\n\n作为他的私人财产一度开放，但是因为交通不便票价昂贵等原因，没什么人来。在 1924 年溥仪被逐出颐和园后，北洋政府将这里正式改为对外开放的公园。1948 年 12 月，人民政府接手这里后，经过综合治理，仍然保持着其皇家园林的风貌。而且这里还成为世界上造景丰富、建筑集中、保存最完整的皇家园林。\n\n我们即将所看到的颐和园共占地 290 公顷，其中陆地四分之一，水面达到了四分之三。根据皇家园林建园的用途和特点，可将颐和园景区分为政治活动区，帝后生活区和风景游览区三个部分。\n\n来到了东宫门，我们本次的游览也就正式开始了。', '最早在辽金时代的时候，皇帝就已经开始在北京修建皇家园林了。当时在今天的万寿山昆明湖一带修建了金山行宫，将这里称为金山、金山泊。到了元朝，有将这改名为翁山、翁山泊。而明代初期则改称西湖并修建了园静寺，命名为好山园。到了万历是十六年，也就是 1588 年，这里已经具有一定的园林规模，享有“十里青山行画里，双飞白鸟似江南”的称誉。然而让这里真正成为一处皇家园林的是清代。在康熙年间就曾在此修建行宫，到了乾隆十四年到二十九年，也就是 1749～1764 年，就在原来的基础上修建了清漪园，扩湖，推山，将湖称为昆明湖，山叫做万寿山。而且这里还成了著名的三山五园之一。和我国古代的大多数皇家建筑一样，这里也没能躲过入侵者的践踏，在 1860 年这里被英法联军抢掠并且烧毁了。过了一些年，慈禧太后挪用了海军经费对这里进行了重建，而且光绪皇帝下昭将这里改名为颐和园。可是在 1900 年的时候，颐和园又再次遭到了八国联军（俄英法德意日美奥）的严重破坏。从此之后对这里所进行的重修，因为财力不足，所以后山部分长期都没有修复。到了 1912 年，依照清史的优待条件，颐和园仍然掌握在逊帝溥仪手中。过了两年，这里曾']","将颐和园正式改为对外开放公园的是北洋政府。这一改变发生在1924年，当时溥仪被逐出颐和园之后。从那时起，颐和园开始作为公共公园向公众开放。如果您还有其他关于颐和园的问题或需要进一步的信息，请随时告诉我！ [{'title': './file_path/2023北京导游词.docx', 'content': '这里是天坛的东门，关于天坛就给大家介绍到这里，谢谢大家。\n\n颐和园\n\n各位游客大家好，我是**旅行社的导游员，今天就有我来带领大家共同游览这个清代的皇家园林——颐和园。希望我的讲解能够令各位满意，是我们共同度过这一美好的时光。\n\n我们现在即将前往的就是颐和园，利用这一段时间，我向大家简短地介绍一下颐和园的历史以及现在的状况。\n\n\n\n最早在辽金时代的时候，皇帝就已经开始在北京修建皇家园林了。当时在今天的万寿山昆明湖一带修建了金山行宫，将这里称为金山、金山泊。到了元朝，有将这改名为翁山、翁山泊。而明代初期则改称西湖并修建了园静寺，命名为好山园。到了万历是十六年，也就是 1588 年，这里已经具有一定的园林规模，享有“十里青山行画里，双飞白鸟似江南”的称誉。然而让这里真正成为一处皇家园林的是清代。在康熙年间就曾在此修建行宫，到了乾隆十四年到二十九年，也就是 1749～1764 年，就在原来的基础上修建了清漪园，扩湖，推山，将湖称为昆明湖，山叫做万寿山。而且这里还成了著名的三山五园之一。和我国古代的大多数皇家建筑一样，这里也没能躲过入侵者的践踏，在 1860 年这里被英法联军抢掠并且烧毁了。过了一些年，慈禧太后挪用了海军经费对这里进行了重建，而且光绪皇帝下昭将这里改名为颐和园。可是在 1900 年的时候，颐和园又再次遭到了八国联军（俄英法德意日美奥）的严重破坏。从此之后对这里所进行的重修，因为财力不足，所以后山部分长期都没有修复。到了 1912 年，依照清史的优待条件，颐和园仍然掌握在逊帝溥仪手中。过了两年，这里曾\n\n作为他的私人财产一度开放，但是因为交通不便票价昂贵等原因，没什么人来。在 1924 年溥仪被逐出颐和园后，北洋政府将这里正式改为对外开放的公园。1948 年 12 月，人民政府接手这里后，经过综合治理，仍然保持着其皇家园林的风貌。而且这里还成为世界上造景丰富、建筑集中、保存最完整的皇家园林。\n\n我们即将所看到的颐和园共占地 290 公顷，其中陆地四分之一，水面达到了四分之三。根据皇家园林建园的用途和特点，可将颐和园景区分为政治活动区，帝后生活区和风景游览区三个部分。\n\n来到了东宫门，我们本次的游览也就正式开始了。'}, {'title': './file_path/2023北京导游词.docx', 'content': '作为他的私人财产一度开放，但是因为交通不便票价昂贵等原因，没什么人来。在 1924 年溥仪被逐出颐和园后，北洋政府将这里正式改为对外开放的公园。1948 年 12 月，人民政府接手这里后，经过综合治理，仍然保持着其皇家园林的风貌。而且这里还成为世界上造景丰富、建筑集中、保存最完整的皇家园林。\n\n我们即将所看到的颐和园共占地 290 公顷，其中陆地四分之一，水面达到了四分之三。根据皇家园林建园的用途和特点，可将颐和园景区分为政治活动区，帝后生活区和风景游览区三个部分。\n\n来到了东宫门，我们本次的游览也就正式开始了。'}, {'title': './file_path/2023北京导游词.docx', 'content': '来到了东宫门，我们本次的游览也就正式开始了。\n\n\n\n在东宫门外，有一座“涵虚”、“罨（yan）秀”的牌楼。其中涵虚的意思是天地开阔，山清水秀，包罗万象。罨秀是有捕捉美丽景色之意。而东宫门也是颐和园的正门。门上高悬的颐和园的匾额就是光绪皇帝的手书。颐和二字则取颐养精神、心情平和的意思。进入东宫门，我们首先来到的便是颐和园的政治活动区。南侧对称排列着南北九卿房，是清朝九卿六部值班的地方。在往前行，便来到了仁寿门，迎面看到的这五块太湖石叫做峰虚五老，寓意长寿。而在汉白玉须弥座上的这只铜制怪兽，人称麒麟，俗称四不象，是龙九子之一，象征吉祥富贵。在殿前还陈设有两对龙凤造型的铜香炉，在朝里活动中是用来点香，渲染气氛的。按古代礼制，龙居中，象征皇帝，凤在两侧，象征皇后。而在这里，却是龙在两侧，这与清朝末年慈禧太后垂帘听政不无关系，突出了凤的地位。\n\n我们面前这座雄伟的建筑就是仁寿殿。其实在乾隆年间的时候，规定凡是当朝的大殿就\n\n要叫做“勤政殿”，意思是游园不要忘了勤理政务。到了颐和园的时候，便将这里改为仁寿殿，取自孔子论语中的“仁者寿”，意思是施仁政的人可以长寿。现在，仁寿殿的陈设和原'}]","民国时期,北洋政府",0.7076515855341504,1.0,0.99999999995,1.0
乐寿堂的西跨院叫什么？,"['乐寿堂的西跨院叫扬仁风，庭院内的建筑极具江南园林特色。在园内北面的正中山坡上，有扇面形状的“扇面殿”，殿前地面使用汉白玉砌成的扇骨、山轴，整座殿堂好像一把打开的折扇。\n\n从这里出来，我们就走上了连接万寿山与昆明湖的长廊。它东起邀月门，西至石丈亭，全长 728 米，共 273 间。由于长廊的地基是随着万寿山地势高低而起伏的，所以廊身的走向是以昆明湖北岸的弯曲而变化的，在地势高低和变向的连接点上，还建有四个亭子代表春夏秋冬，分别是留佳寄澜秋水和清遥，设计十分的巧妙。长廊是我国园林中最长的游廊，也有画廊之称。这是因为在廊中共有苏式彩绘 1.4 万多幅，而且很少重复。其中有关于西湖风光\n\n的 546 幅，是乾隆十五年建造长廊时，命人到杭州临摹回来画上的。人物画多采用了我国古典文学名著，比如《西游记》、《三国演义》、《红楼梦》等等，所设计的内容时间跨度非常大，从三皇五帝到清朝，上下五千年，可以说得上是我国文化史的一个缩影，在 1900 年的时候，这里被《吉尼斯世界纪录大全》评为全球画廊之冠。', '通过了水木自亲，也就是乐寿堂的正门，我们也就进入了庭院。可以看到在庭院中陈设乐很多的东西。铜鹿、铜鹤、铜花瓶，分别借鹿、鹤、瓶的谐音，取意“六合太平”，意思是天下太平。园内还种植有玉兰、海棠、牡丹，取意“玉堂富贵”。中间的这块太湖石，因为形状像灵芝，所以叫做“青芝岫”。其实它还有个名字叫作败家石，这是因为在明朝有个人非常喜欢石头的人叫米万钟，在房山看中了这块石头，要将它放入海淀的勺园当中，可是在因为种种不利因素，推托说耗尽财力，将它丢在了路边，后来，乾隆皇帝在从清西陵返回京城的途中看到了这块石头，所以将它运到乐寿堂。在乐寿堂殿内有以玻璃镜子为中心的紫\n\n\n\n檀木屏风，上边还镶嵌有贝雕饰物。镏金九桃大熏炉是用来焚烧檀香的，起到调节室内空气的作用。桌子上的两个青花大瓷盘是清代青花瓷的代表作，用来盛放水果供慈禧观赏和闻香气。在殿内东西两侧还有百鸟朝凤，孔雀开屏两副坐屏，都是粤绣精品。殿顶悬挂的五彩玻璃吊灯，是 1903 年从德国进口的，它是我国早期的电灯之一，发电机安装在文昌阁附近。在慈禧太后吃点心和品茶的时候，还可以观赏鱼桌，它是以金星紫檀木坐框架，镶有玻璃台面，桌子里边还镶嵌着用珍贵材料镂空雕琢的山水人物和亭台楼阁，密封性良好，可以养金鱼。殿内“慈晖懿祉”的匾额意思是：受母后之深恩，托母后之洪福。\n\n乐寿堂的西跨院叫扬仁风，庭院内的建筑极具江南园林特色。在园内北面的正中山坡上，有扇面形状的“扇面殿”，殿前地面使用汉白玉砌成的扇骨、山轴，整座殿堂好像一把打开的折扇。\n\n从这里出来，我们就走上了连接万寿山与昆明湖的长廊。它东起邀月门，西至石丈亭，全长 728 米，共 273 间。由于长廊的地基是随着万寿山地势高低而起伏的，所以廊身的走向是以昆明湖北岸的弯曲而变化的，在地势高低和变向的连接点上，还建有四个亭子代表春夏秋冬，分别是留佳寄澜秋水和清遥，设计十分的巧妙。长廊是我国园林中最长的游廊，也有画廊之称。这是因为在廊中共有苏式彩绘 1.4 万多幅，而且很少重复。其中有关于西湖风光', '通过了水木自亲，也就是乐寿堂的正门，我们也就进入了庭院。可以看到在庭院中陈设乐很多的东西。铜鹿、铜鹤、铜花瓶，分别借鹿、鹤、瓶的谐音，取意“六合太平”，意思是天下太平。园内还种植有玉兰、海棠、牡丹，取意“玉堂富贵”。中间的这块太湖石，因为形状像灵芝，所以叫做“青芝岫”。其实它还有个名字叫作败家石，这是因为在明朝有个人非常喜欢石头的人叫米万钟，在房山看中了这块石头，要将它放入海淀的勺园当中，可是在因为种种不利因素，推托说耗尽财力，将它丢在了路边，后来，乾隆皇帝在从清西陵返回京城的途中看到了这块石头，所以将它运到乐寿堂。在乐寿堂殿内有以玻璃镜子为中心的紫']","乐寿堂的西跨院叫做扬仁风。庭院内的建筑极具江南园林特色，在园内北面的正中山坡上，有一个扇面形状的“扇面殿”，殿前地面使用汉白玉砌成的扇骨、山轴，整座殿堂看起来就像一把打开的折扇。 [{'title': './file_path/2023北京导游词.docx', 'content': '皇极殿后面是宁寿宫，建于明代，康熙年间修葺，乾隆年间仿坤宁宫重建。宁寿宫再往北是养性殿。养性殿建于乾隆年间，是仿照养心殿建造的。现在是展示各种礼器的地方，其中最主要的是玉磬和编钟。养性殿后是乐寿堂。乐寿堂原设计为乾隆的寝宫，但乾隆一天也没在这里住过。现在这里是珍宝馆展示馆藏艺术品最多的地方，主要展品有：寿山和福海玉雕、大禹治水玉山和象牙席。\n\n\n\n寿山和福海玉雕是用两块巨大的和田青玉雕成的。寿山名“丹台春晓”，玉山上刻青松云峰、瑞兽出没，下以铜座承托，象征“寿比南山不老松”。福海名“青玉云龙玉瓮”，缸形，雕以九条游龙升腾于波涛云雾之间，下以海水铜座承托，象征“福如东海长流水”。\n\n大禹治水玉山是我国现存最大的古代玉雕作品，高 224 厘米，重达 5 吨。材质为和田青\n\n玉，由扬州玉工雕琢而成，历时 10 年。内容以大禹治水的故事为背景进行创作，人物场景，形态各异。玉山背面刻有乾隆皇帝的御题诗文。\n\n象牙席是用象牙为材料编成的凉席，工艺水平极高。这种席是选用上好的象牙劈成宽 3\n\n毫米、厚 1 毫米的象牙条编织而成的。席长 216 厘米，宽 139 厘米，原有 5 件，现在还剩下'}, {'title': './file_path/2023北京导游词.docx', 'content': '乐寿堂的西跨院叫扬仁风，庭院内的建筑极具江南园林特色。在园内北面的正中山坡上，有扇面形状的“扇面殿”，殿前地面使用汉白玉砌成的扇骨、山轴，整座殿堂好像一把打开的折扇。\n\n从这里出来，我们就走上了连接万寿山与昆明湖的长廊。它东起邀月门，西至石丈亭，全长 728 米，共 273 间。由于长廊的地基是随着万寿山地势高低而起伏的，所以廊身的走向是以昆明湖北岸的弯曲而变化的，在地势高低和变向的连接点上，还建有四个亭子代表春夏秋冬，分别是留佳寄澜秋水和清遥，设计十分的巧妙。长廊是我国园林中最长的游廊，也有画廊之称。这是因为在廊中共有苏式彩绘 1.4 万多幅，而且很少重复。其中有关于西湖风光\n\n的 546 幅，是乾隆十五年建造长廊时，命人到杭州临摹回来画上的。人物画多采用了我国古典文学名著，比如《西游记》、《三国演义》、《红楼梦》等等，所设计的内容时间跨度非常大，从三皇五帝到清朝，上下五千年，可以说得上是我国文化史的一个缩影，在 1900 年的时候，这里被《吉尼斯世界纪录大全》评为全球画廊之冠。'}, {'title': './file_path/2023北京导游词.docx', 'content': '通过了水木自亲，也就是乐寿堂的正门，我们也就进入了庭院。可以看到在庭院中陈设乐很多的东西。铜鹿、铜鹤、铜花瓶，分别借鹿、鹤、瓶的谐音，取意“六合太平”，意思是天下太平。园内还种植有玉兰、海棠、牡丹，取意“玉堂富贵”。中间的这块太湖石，因为形状像灵芝，所以叫做“青芝岫”。其实它还有个名字叫作败家石，这是因为在明朝有个人非常喜欢石头的人叫米万钟，在房山看中了这块石头，要将它放入海淀的勺园当中，可是在因为种种不利因素，推托说耗尽财力，将它丢在了路边，后来，乾隆皇帝在从清西陵返回京城的途中看到了这块石头，所以将它运到乐寿堂。在乐寿堂殿内有以玻璃镜子为中心的紫\n\n\n\n檀木屏风，上边还镶嵌有贝雕饰物。镏金九桃大熏炉是用来焚烧檀香的，起到调节室内空气的作用。桌子上的两个青花大瓷盘是清代青花瓷的代表作，用来盛放水果供慈禧观赏和闻香气。在殿内东西两侧还有百鸟朝凤，孔雀开屏两副坐屏，都是粤绣精品。殿顶悬挂的五彩玻璃吊灯，是 1903 年从德国进口的，它是我国早期的电灯之一，发电机安装在文昌阁附近。在慈禧太后吃点心和品茶的时候，还可以观赏鱼桌，它是以金星紫檀木坐框架，镶有玻璃台面，桌子里边还镶嵌着用珍贵材料镂空雕琢的山水人物和亭台楼阁，密封性良好，可以养金鱼。殿内“慈晖懿祉”的匾额意思是：受母后之深恩，托母后之洪福。\n\n乐寿堂的西跨院叫扬仁风，庭院内的建筑极具江南园林特色。在园内北面的正中山坡上，有扇面形状的“扇面殿”，殿前地面使用汉白玉砌成的扇骨、山轴，整座殿堂好像一把打开的折扇。\n\n从这里出来，我们就走上了连接万寿山与昆明湖的长廊。它东起邀月门，西至石丈亭，全长 728 米，共 273 间。由于长廊的地基是随着万寿山地势高低而起伏的，所以廊身的走向是以昆明湖北岸的弯曲而变化的，在地势高低和变向的连接点上，还建有四个亭子代表春夏秋冬，分别是留佳寄澜秋水和清遥，设计十分的巧妙。长廊是我国园林中最长的游廊，也有画廊之称。这是因为在廊中共有苏式彩绘 1.4 万多幅，而且很少重复。其中有关于西湖风光'}]",扬仁风,0.6394270977753368,1.0,0.99999999995,1.0
德和园的名字取自哪里？,"['北京的八达岭长城是我国万里长城中独具代表性的一段。这里地势险要，城关坚固，是长城重要关口居庸关的前哨，八达岭长城历来是兵家必争之地。这里为什么叫八达岭呢？因为从这里往北可达延庆、赤城；往南可达昌平、北京市内；往东可达永宁、四海、密云；往西可达沙城、宣化、怀来、大同、张家口；道路四通八达，故称八达岭。八达岭是居庸关的门户。因此古人曾说“居庸之险，不在关，而在八达岭”。\n    八达岭长城是由关城，岔道城，墙体，敌台，烽火台，排洪洞等建筑组成，是明长城中最典型的一段。是北京境内长城中保存最完好，工程质量最佳，结构最严谨的一段。其中墙体长约12千米，敌台24座，墙台4座。\n    关城：关城建于明代，面积约 5000平方米，城高7.5米。关城东门上刻“居庸外镇”。意为居庸关外又一重镇。西门上刻“北门锁钥”。意思是此处是军事重镇，好像北京的门户上的一把锁，一旦被打开，整个北京也就门户洞开了。\n    关城内的墩台高达厚实，下部用十多层花岗岩条石垒砌，上部为城砖，宽20 多米，是长城中最壮观的墩台之一。在登城口内有明崇祯年间铸造的大炮“神威大将军”。\n    岔道城：由于关城地域狭小，很难驻守大量官兵，明嘉靖三十年（1551）又在关城西北另建岔道城，城中建有守备衙门、武器弹药库、粮库、兵营等。\n    墙体：墙体平均高7.8米，墙基平均宽5.8米左右，可容10人并进或5 马并骑。内侧称女儿墙，高约1米；外侧称垛墙或雉堞，高近2米。垛墙上凸出的部分称垛口，低凹的部分称堞口，每个垛9上有望孔，下由射孔。墙顶上还设由排水沟和吐水嘴，吐水嘴做成长长的石槽伸出墙外，以防雨水冲刷墙体。\n    敌台：敌台是跨墙而筑，高出墙体，两层或三层的建筑，上面四面开有望孔和箭窗。里面分隔成相互连通的屋子，分别用于士卒居住和存放武器、弹药、粮食。\n    墙台：墙台是何墙体在同一平面，向外突出的平台，也叫“马面”突出部位砌有垛墙，平时放哨、习武，战时兵卒可以站在突出墙体的地方从侧面攻击登城的敌人。', '这里是天坛的东门，关于天坛就给大家介绍到这里，谢谢大家。\n\n颐和园\n\n各位游客大家好，我是**旅行社的导游员，今天就有我来带领大家共同游览这个清代的皇家园林——颐和园。希望我的讲解能够令各位满意，是我们共同度过这一美好的时光。\n\n我们现在即将前往的就是颐和园，利用这一段时间，我向大家简短地介绍一下颐和园的历史以及现在的状况。\n\n\n\n最早在辽金时代的时候，皇帝就已经开始在北京修建皇家园林了。当时在今天的万寿山昆明湖一带修建了金山行宫，将这里称为金山、金山泊。到了元朝，有将这改名为翁山、翁山泊。而明代初期则改称西湖并修建了园静寺，命名为好山园。到了万历是十六年，也就是 1588 年，这里已经具有一定的园林规模，享有“十里青山行画里，双飞白鸟似江南”的称誉。然而让这里真正成为一处皇家园林的是清代。在康熙年间就曾在此修建行宫，到了乾隆十四年到二十九年，也就是 1749～1764 年，就在原来的基础上修建了清漪园，扩湖，推山，将湖称为昆明湖，山叫做万寿山。而且这里还成了著名的三山五园之一。和我国古代的大多数皇家建筑一样，这里也没能躲过入侵者的践踏，在 1860 年这里被英法联军抢掠并且烧毁了。过了一些年，慈禧太后挪用了海军经费对这里进行了重建，而且光绪皇帝下昭将这里改名为颐和园。可是在 1900 年的时候，颐和园又再次遭到了八国联军（俄英法德意日美奥）的严重破坏。从此之后对这里所进行的重修，因为财力不足，所以后山部分长期都没有修复。到了 1912 年，依照清史的优待条件，颐和园仍然掌握在逊帝溥仪手中。过了两年，这里曾\n\n作为他的私人财产一度开放，但是因为交通不便票价昂贵等原因，没什么人来。在 1924 年溥仪被逐出颐和园后，北洋政府将这里正式改为对外开放的公园。1948 年 12 月，人民政府接手这里后，经过综合治理，仍然保持着其皇家园林的风貌。而且这里还成为世界上造景丰富、建筑集中、保存最完整的皇家园林。\n\n我们即将所看到的颐和园共占地 290 公顷，其中陆地四分之一，水面达到了四分之三。根据皇家园林建园的用途和特点，可将颐和园景区分为政治活动区，帝后生活区和风景游览区三个部分。\n\n来到了东宫门，我们本次的游览也就正式开始了。', '墙台：墙台是何墙体在同一平面，向外突出的平台，也叫“马面”突出部位砌有垛墙，平时放哨、习武，战时兵卒可以站在突出墙体的地方从侧面攻击登城的敌人。\n    烽火台：烽火台位于城墙墙体之外不与墙体相连，是一个独立的建山体拐角处，是传递军情的设施。白天报警点烟称烽，夜间报警放火叫燧。报警时用狼粪做燃料，烟飘的高不容易散，非常醒目，又叫狼烟。所以烽火台又称烽燧，狼烟台等。明成化年间规定，来犯之敌百余人左右，燃一烟点一炮；五百人左右，燃两烟点两炮；千人以上，燃三烟点三炮；五千人以上，燃四烟，点四炮；万人以上，燃五烟点五炮。\n    北京段的长城为什么修建在这里呢？这是北京的地形所决定的，北京北军都山，西有西山，两山在北京的西北部交会形成峡谷，成为人们往来最重要的通道。因为古代在峡谷中建有居庸关，故名关沟。关沟东起昌平区南口镇，西北到延庆县八达岭，全长 20 公里，是北京通往蒙古高原的重要通道。关沟内花木郁葱，溪水长流，风景秀丽，又有很多民间传说及名人佚事，民间传说很多，于是衍生出“关沟七十二景”，有仙人枕、点将台、望京石等等。\n    关沟自古为兵家必争之地。明代因关沟是北京的关防重点，因此在关沟内设置了四道防线重兵把守。也就是俗称的4关，它们分别是八达岭关、上关、居庸关、下关。\n    居庸关位于两山夹峙、陡峭难攀的峡谷中，又有下关与八达岭两个周边关，自古有“绝险”之称。“居庸”一词最早见于《吕氏春秋》中“天下九塞，居庸其一”。居庸关与山海关、嘉峪关并称明长城全线著名的三关。居庸关又被称为天下第一雄关。现在居庸关上的南北两门上的“居庸关”三字匾额是明景泰年间所题。\n    居庸关关城里有一座汉白玉砌筑的高台叫云台，始建于元代，原是一个过街塔建筑，当时台上有3座并列的白色覆钵式白塔。元末明初佛塔毁坏，只剩下汉白玉台座，因为云台上雕饰了很多藏传佛教图像与文字。所以云台具有极高的文物价值。在居庸关边上有乾隆皇帝御笔题写——著名的燕京八景之一的“居庸叠翠”。\n    在关沟中与公路平行的这条铁路就是著名的京张铁路了，它全长200多千米，是我国清末爱国工程师詹天佑主持修建的，是中国人自己设计施工的第一条铁路，并创造性的设计了“人”字形铁路、“之”字形爬山，解决了火车不能直接爬坡和拐弯的问题。而且成功的打通了长达 1091 米的隧道。这在当时是非常不容易的。']","德和园的名字取自《左传》中的“君子听之以平其心，心平德和”，这句话的意思是说，当一个人聆听了美好的音乐之后，他的心情会变得平和，从而达到一种道德高尚的境界。因此，德和园作为光绪皇帝和慈禧太后看戏的地方，其名称寓意着通过欣赏艺术表演来提升个人品德修养。这座大戏楼不仅是清代三大戏楼中规模最大的一座，而且结构严谨、气势宏伟，高达21米。 [{'title': './file_path/2023北京导游词.docx', 'content': '来到了东宫门，我们本次的游览也就正式开始了。\n\n\n\n在东宫门外，有一座“涵虚”、“罨（yan）秀”的牌楼。其中涵虚的意思是天地开阔，山清水秀，包罗万象。罨秀是有捕捉美丽景色之意。而东宫门也是颐和园的正门。门上高悬的颐和园的匾额就是光绪皇帝的手书。颐和二字则取颐养精神、心情平和的意思。进入东宫门，我们首先来到的便是颐和园的政治活动区。南侧对称排列着南北九卿房，是清朝九卿六部值班的地方。在往前行，便来到了仁寿门，迎面看到的这五块太湖石叫做峰虚五老，寓意长寿。而在汉白玉须弥座上的这只铜制怪兽，人称麒麟，俗称四不象，是龙九子之一，象征吉祥富贵。在殿前还陈设有两对龙凤造型的铜香炉，在朝里活动中是用来点香，渲染气氛的。按古代礼制，龙居中，象征皇帝，凤在两侧，象征皇后。而在这里，却是龙在两侧，这与清朝末年慈禧太后垂帘听政不无关系，突出了凤的地位。\n\n我们面前这座雄伟的建筑就是仁寿殿。其实在乾隆年间的时候，规定凡是当朝的大殿就\n\n要叫做“勤政殿”，意思是游园不要忘了勤理政务。到了颐和园的时候，便将这里改为仁寿殿，取自孔子论语中的“仁者寿”，意思是施仁政的人可以长寿。现在，仁寿殿的陈设和原\n\n\n\n状是基本一致的。殿内的地平床上有九龙宝座。它后面还设有紫檀木九龙屏风，屏风以紫檀木为框架，雕有九条闹龙，中心是玻璃镜，镜面上写有 226 个不同写法的寿字。在宝座四周，还设有掌扇，角端等。其中角端是传说中异兽，实际用处其实就是香炉。而殿内两侧的暖阁，是慈禧光绪还有王公大臣休息的地方，当中有一幅百蝠图的缂丝工艺品，中间还有一个慈禧亲笔写的寿字，因为蝠与福同音，所以这幅工艺品也被称为百福捧寿。这个玻璃风景台屏是用翠鸟的羽毛粘制而成的，大家可以看到，这个乾隆年间的作品虽然历经二百多年可是还是色彩依旧。\n\n穿过仁寿殿我们就来到了当年光绪皇帝和慈禧太后看戏的场所——德和园，取自左转 “君子听之以平其心，心平德和”，意思是听了美好的曲子，就会心地平和，达到道德高尚的境界。德和园的大戏楼是清代三大戏楼中最大的，结构严谨，十分的壮观，高 21 米，低'}, {'title': './file_path/2023北京导游词.docx', 'content': '这里是天坛的东门，关于天坛就给大家介绍到这里，谢谢大家。\n\n颐和园\n\n各位游客大家好，我是**旅行社的导游员，今天就有我来带领大家共同游览这个清代的皇家园林——颐和园。希望我的讲解能够令各位满意，是我们共同度过这一美好的时光。\n\n我们现在即将前往的就是颐和园，利用这一段时间，我向大家简短地介绍一下颐和园的历史以及现在的状况。\n\n\n\n最早在辽金时代的时候，皇帝就已经开始在北京修建皇家园林了。当时在今天的万寿山昆明湖一带修建了金山行宫，将这里称为金山、金山泊。到了元朝，有将这改名为翁山、翁山泊。而明代初期则改称西湖并修建了园静寺，命名为好山园。到了万历是十六年，也就是 1588 年，这里已经具有一定的园林规模，享有“十里青山行画里，双飞白鸟似江南”的称誉。然而让这里真正成为一处皇家园林的是清代。在康熙年间就曾在此修建行宫，到了乾隆十四年到二十九年，也就是 1749～1764 年，就在原来的基础上修建了清漪园，扩湖，推山，将湖称为昆明湖，山叫做万寿山。而且这里还成了著名的三山五园之一。和我国古代的大多数皇家建筑一样，这里也没能躲过入侵者的践踏，在 1860 年这里被英法联军抢掠并且烧毁了。过了一些年，慈禧太后挪用了海军经费对这里进行了重建，而且光绪皇帝下昭将这里改名为颐和园。可是在 1900 年的时候，颐和园又再次遭到了八国联军（俄英法德意日美奥）的严重破坏。从此之后对这里所进行的重修，因为财力不足，所以后山部分长期都没有修复。到了 1912 年，依照清史的优待条件，颐和园仍然掌握在逊帝溥仪手中。过了两年，这里曾\n\n作为他的私人财产一度开放，但是因为交通不便票价昂贵等原因，没什么人来。在 1924 年溥仪被逐出颐和园后，北洋政府将这里正式改为对外开放的公园。1948 年 12 月，人民政府接手这里后，经过综合治理，仍然保持着其皇家园林的风貌。而且这里还成为世界上造景丰富、建筑集中、保存最完整的皇家园林。\n\n我们即将所看到的颐和园共占地 290 公顷，其中陆地四分之一，水面达到了四分之三。根据皇家园林建园的用途和特点，可将颐和园景区分为政治活动区，帝后生活区和风景游览区三个部分。\n\n来到了东宫门，我们本次的游览也就正式开始了。'}, {'title': './file_path/2023北京导游词.docx', 'content': '作为他的私人财产一度开放，但是因为交通不便票价昂贵等原因，没什么人来。在 1924 年溥仪被逐出颐和园后，北洋政府将这里正式改为对外开放的公园。1948 年 12 月，人民政府接手这里后，经过综合治理，仍然保持着其皇家园林的风貌。而且这里还成为世界上造景丰富、建筑集中、保存最完整的皇家园林。\n\n我们即将所看到的颐和园共占地 290 公顷，其中陆地四分之一，水面达到了四分之三。根据皇家园林建园的用途和特点，可将颐和园景区分为政治活动区，帝后生活区和风景游览区三个部分。\n\n来到了东宫门，我们本次的游览也就正式开始了。'}]",取自《左传》中的 君子听之以平其心，心平德和,0.7535558363248639,0.0,0.0,0.0
乐寿堂殿内“慈晖懿祉”的匾额意思是什么？,"['檀木屏风，上边还镶嵌有贝雕饰物。镏金九桃大熏炉是用来焚烧檀香的，起到调节室内空气的作用。桌子上的两个青花大瓷盘是清代青花瓷的代表作，用来盛放水果供慈禧观赏和闻香气。在殿内东西两侧还有百鸟朝凤，孔雀开屏两副坐屏，都是粤绣精品。殿顶悬挂的五彩玻璃吊灯，是 1903 年从德国进口的，它是我国早期的电灯之一，发电机安装在文昌阁附近。在慈禧太后吃点心和品茶的时候，还可以观赏鱼桌，它是以金星紫檀木坐框架，镶有玻璃台面，桌子里边还镶嵌着用珍贵材料镂空雕琢的山水人物和亭台楼阁，密封性良好，可以养金鱼。殿内“慈晖懿祉”的匾额意思是：受母后之深恩，托母后之洪福。\n\n乐寿堂的西跨院叫扬仁风，庭院内的建筑极具江南园林特色。在园内北面的正中山坡上，有扇面形状的“扇面殿”，殿前地面使用汉白玉砌成的扇骨、山轴，整座殿堂好像一把打开的折扇。', '通过了水木自亲，也就是乐寿堂的正门，我们也就进入了庭院。可以看到在庭院中陈设乐很多的东西。铜鹿、铜鹤、铜花瓶，分别借鹿、鹤、瓶的谐音，取意“六合太平”，意思是天下太平。园内还种植有玉兰、海棠、牡丹，取意“玉堂富贵”。中间的这块太湖石，因为形状像灵芝，所以叫做“青芝岫”。其实它还有个名字叫作败家石，这是因为在明朝有个人非常喜欢石头的人叫米万钟，在房山看中了这块石头，要将它放入海淀的勺园当中，可是在因为种种不利因素，推托说耗尽财力，将它丢在了路边，后来，乾隆皇帝在从清西陵返回京城的途中看到了这块石头，所以将它运到乐寿堂。在乐寿堂殿内有以玻璃镜子为中心的紫\n\n\n\n檀木屏风，上边还镶嵌有贝雕饰物。镏金九桃大熏炉是用来焚烧檀香的，起到调节室内空气的作用。桌子上的两个青花大瓷盘是清代青花瓷的代表作，用来盛放水果供慈禧观赏和闻香气。在殿内东西两侧还有百鸟朝凤，孔雀开屏两副坐屏，都是粤绣精品。殿顶悬挂的五彩玻璃吊灯，是 1903 年从德国进口的，它是我国早期的电灯之一，发电机安装在文昌阁附近。在慈禧太后吃点心和品茶的时候，还可以观赏鱼桌，它是以金星紫檀木坐框架，镶有玻璃台面，桌子里边还镶嵌着用珍贵材料镂空雕琢的山水人物和亭台楼阁，密封性良好，可以养金鱼。殿内“慈晖懿祉”的匾额意思是：受母后之深恩，托母后之洪福。\n\n乐寿堂的西跨院叫扬仁风，庭院内的建筑极具江南园林特色。在园内北面的正中山坡上，有扇面形状的“扇面殿”，殿前地面使用汉白玉砌成的扇骨、山轴，整座殿堂好像一把打开的折扇。\n\n从这里出来，我们就走上了连接万寿山与昆明湖的长廊。它东起邀月门，西至石丈亭，全长 728 米，共 273 间。由于长廊的地基是随着万寿山地势高低而起伏的，所以廊身的走向是以昆明湖北岸的弯曲而变化的，在地势高低和变向的连接点上，还建有四个亭子代表春夏秋冬，分别是留佳寄澜秋水和清遥，设计十分的巧妙。长廊是我国园林中最长的游廊，也有画廊之称。这是因为在廊中共有苏式彩绘 1.4 万多幅，而且很少重复。其中有关于西湖风光', '通过了水木自亲，也就是乐寿堂的正门，我们也就进入了庭院。可以看到在庭院中陈设乐很多的东西。铜鹿、铜鹤、铜花瓶，分别借鹿、鹤、瓶的谐音，取意“六合太平”，意思是天下太平。园内还种植有玉兰、海棠、牡丹，取意“玉堂富贵”。中间的这块太湖石，因为形状像灵芝，所以叫做“青芝岫”。其实它还有个名字叫作败家石，这是因为在明朝有个人非常喜欢石头的人叫米万钟，在房山看中了这块石头，要将它放入海淀的勺园当中，可是在因为种种不利因素，推托说耗尽财力，将它丢在了路边，后来，乾隆皇帝在从清西陵返回京城的途中看到了这块石头，所以将它运到乐寿堂。在乐寿堂殿内有以玻璃镜子为中心的紫']","乐寿堂殿内“慈晖懿祉”的匾额意思是：受母后之深恩，托母后之洪福。这表达了对慈禧太后的尊敬和感激之情。在乐寿堂中还陈列着许多珍贵的艺术品，如寿山和福海玉雕、大禹治水玉山以及象牙席等，都是极为珍贵的文化遗产。此外，庭院中的铜鹿、铜鹤、铜花瓶等陈设也寓意吉祥，象征着六合太平与玉堂富贵的美好愿望。
<div style=""text-align: right;"">来源：<a href=""2023北京导游词.docx"">2023北京导游词</a></div> [{'title': './file_path/2023北京导游词.docx', 'content': '皇极殿后面是宁寿宫，建于明代，康熙年间修葺，乾隆年间仿坤宁宫重建。宁寿宫再往北是养性殿。养性殿建于乾隆年间，是仿照养心殿建造的。现在是展示各种礼器的地方，其中最主要的是玉磬和编钟。养性殿后是乐寿堂。乐寿堂原设计为乾隆的寝宫，但乾隆一天也没在这里住过。现在这里是珍宝馆展示馆藏艺术品最多的地方，主要展品有：寿山和福海玉雕、大禹治水玉山和象牙席。\n\n\n\n寿山和福海玉雕是用两块巨大的和田青玉雕成的。寿山名“丹台春晓”，玉山上刻青松云峰、瑞兽出没，下以铜座承托，象征“寿比南山不老松”。福海名“青玉云龙玉瓮”，缸形，雕以九条游龙升腾于波涛云雾之间，下以海水铜座承托，象征“福如东海长流水”。\n\n大禹治水玉山是我国现存最大的古代玉雕作品，高 224 厘米，重达 5 吨。材质为和田青\n\n玉，由扬州玉工雕琢而成，历时 10 年。内容以大禹治水的故事为背景进行创作，人物场景，形态各异。玉山背面刻有乾隆皇帝的御题诗文。\n\n象牙席是用象牙为材料编成的凉席，工艺水平极高。这种席是选用上好的象牙劈成宽 3\n\n毫米、厚 1 毫米的象牙条编织而成的。席长 216 厘米，宽 139 厘米，原有 5 件，现在还剩下'}, {'title': './file_path/2023北京导游词.docx', 'content': '乐寿堂的西跨院叫扬仁风，庭院内的建筑极具江南园林特色。在园内北面的正中山坡上，有扇面形状的“扇面殿”，殿前地面使用汉白玉砌成的扇骨、山轴，整座殿堂好像一把打开的折扇。\n\n从这里出来，我们就走上了连接万寿山与昆明湖的长廊。它东起邀月门，西至石丈亭，全长 728 米，共 273 间。由于长廊的地基是随着万寿山地势高低而起伏的，所以廊身的走向是以昆明湖北岸的弯曲而变化的，在地势高低和变向的连接点上，还建有四个亭子代表春夏秋冬，分别是留佳寄澜秋水和清遥，设计十分的巧妙。长廊是我国园林中最长的游廊，也有画廊之称。这是因为在廊中共有苏式彩绘 1.4 万多幅，而且很少重复。其中有关于西湖风光\n\n的 546 幅，是乾隆十五年建造长廊时，命人到杭州临摹回来画上的。人物画多采用了我国古典文学名著，比如《西游记》、《三国演义》、《红楼梦》等等，所设计的内容时间跨度非常大，从三皇五帝到清朝，上下五千年，可以说得上是我国文化史的一个缩影，在 1900 年的时候，这里被《吉尼斯世界纪录大全》评为全球画廊之冠。'}, {'title': './file_path/2023北京导游词.docx', 'content': '通过了水木自亲，也就是乐寿堂的正门，我们也就进入了庭院。可以看到在庭院中陈设乐很多的东西。铜鹿、铜鹤、铜花瓶，分别借鹿、鹤、瓶的谐音，取意“六合太平”，意思是天下太平。园内还种植有玉兰、海棠、牡丹，取意“玉堂富贵”。中间的这块太湖石，因为形状像灵芝，所以叫做“青芝岫”。其实它还有个名字叫作败家石，这是因为在明朝有个人非常喜欢石头的人叫米万钟，在房山看中了这块石头，要将它放入海淀的勺园当中，可是在因为种种不利因素，推托说耗尽财力，将它丢在了路边，后来，乾隆皇帝在从清西陵返回京城的途中看到了这块石头，所以将它运到乐寿堂。在乐寿堂殿内有以玻璃镜子为中心的紫\n\n\n\n檀木屏风，上边还镶嵌有贝雕饰物。镏金九桃大熏炉是用来焚烧檀香的，起到调节室内空气的作用。桌子上的两个青花大瓷盘是清代青花瓷的代表作，用来盛放水果供慈禧观赏和闻香气。在殿内东西两侧还有百鸟朝凤，孔雀开屏两副坐屏，都是粤绣精品。殿顶悬挂的五彩玻璃吊灯，是 1903 年从德国进口的，它是我国早期的电灯之一，发电机安装在文昌阁附近。在慈禧太后吃点心和品茶的时候，还可以观赏鱼桌，它是以金星紫檀木坐框架，镶有玻璃台面，桌子里边还镶嵌着用珍贵材料镂空雕琢的山水人物和亭台楼阁，密封性良好，可以养金鱼。殿内“慈晖懿祉”的匾额意思是：受母后之深恩，托母后之洪福。\n\n乐寿堂的西跨院叫扬仁风，庭院内的建筑极具江南园林特色。在园内北面的正中山坡上，有扇面形状的“扇面殿”，殿前地面使用汉白玉砌成的扇骨、山轴，整座殿堂好像一把打开的折扇。\n\n从这里出来，我们就走上了连接万寿山与昆明湖的长廊。它东起邀月门，西至石丈亭，全长 728 米，共 273 间。由于长廊的地基是随着万寿山地势高低而起伏的，所以廊身的走向是以昆明湖北岸的弯曲而变化的，在地势高低和变向的连接点上，还建有四个亭子代表春夏秋冬，分别是留佳寄澜秋水和清遥，设计十分的巧妙。长廊是我国园林中最长的游廊，也有画廊之称。这是因为在廊中共有苏式彩绘 1.4 万多幅，而且很少重复。其中有关于西湖风光'}]",受母后之深恩，托母后之洪福,0.7840150374578031,0.4375,0.99999999995,1.0
排云殿名字出自哪里？,"['走出了长廊，我们就来到了以排云点为中心的祝寿庆典区，这里是万寿山前山最宏伟的一组建筑，构成了万寿山的中轴线。这条中轴线从临湖码头到山顶的智慧海，分布有排云门、排云殿、佛香阁、众香界、智慧海等主要建筑。\n\n排云殿建在乾隆年间大报恩延寿寺中大雄宝殿的遗址上，是慈禧太后过生日时接受百官朝贺的地方。排云出自晋代诗人郭璞：“神仙排云出，但见金银台”的诗句。\n\n在殿内，除了宝座，屏风等常规陈设以外，还有一些渲染气氛的特殊陈设，比如用台湾乌木雕刻的屏风，沉香木雕刻的寿字，圆镜插屏，金漆梅花树船和桦木根雕群仙祝寿。在祝寿的时候，二品以上的官员跪拜在排云门内，而三品以下者则在门外，光绪皇帝在二宫门正中跪拜，慈禧则坐在正殿内的九龙宝座上接受拜贺，可见慈禧太后当时地位之高。（“蕃厘经纬”的匾额意思是幸福无边）佛香阁、众香界和智慧海是乾隆年间大报恩延寿寺的一部分。佛香阁建于乾隆二十三年，也就是 1758 年，在光绪十七年的时候重建，耗费了银两 78 万多\n\n两，是颐和园当中花费最多的工程。它是全园建筑的中心，以 8 根铁梨木为支柱，支撑着', '北京的八达岭长城是我国万里长城中独具代表性的一段。这里地势险要，城关坚固，是长城重要关口居庸关的前哨，八达岭长城历来是兵家必争之地。这里为什么叫八达岭呢？因为从这里往北可达延庆、赤城；往南可达昌平、北京市内；往东可达永宁、四海、密云；往西可达沙城、宣化、怀来、大同、张家口；道路四通八达，故称八达岭。八达岭是居庸关的门户。因此古人曾说“居庸之险，不在关，而在八达岭”。\n    八达岭长城是由关城，岔道城，墙体，敌台，烽火台，排洪洞等建筑组成，是明长城中最典型的一段。是北京境内长城中保存最完好，工程质量最佳，结构最严谨的一段。其中墙体长约12千米，敌台24座，墙台4座。\n    关城：关城建于明代，面积约 5000平方米，城高7.5米。关城东门上刻“居庸外镇”。意为居庸关外又一重镇。西门上刻“北门锁钥”。意思是此处是军事重镇，好像北京的门户上的一把锁，一旦被打开，整个北京也就门户洞开了。\n    关城内的墩台高达厚实，下部用十多层花岗岩条石垒砌，上部为城砖，宽20 多米，是长城中最壮观的墩台之一。在登城口内有明崇祯年间铸造的大炮“神威大将军”。\n    岔道城：由于关城地域狭小，很难驻守大量官兵，明嘉靖三十年（1551）又在关城西北另建岔道城，城中建有守备衙门、武器弹药库、粮库、兵营等。\n    墙体：墙体平均高7.8米，墙基平均宽5.8米左右，可容10人并进或5 马并骑。内侧称女儿墙，高约1米；外侧称垛墙或雉堞，高近2米。垛墙上凸出的部分称垛口，低凹的部分称堞口，每个垛9上有望孔，下由射孔。墙顶上还设由排水沟和吐水嘴，吐水嘴做成长长的石槽伸出墙外，以防雨水冲刷墙体。\n    敌台：敌台是跨墙而筑，高出墙体，两层或三层的建筑，上面四面开有望孔和箭窗。里面分隔成相互连通的屋子，分别用于士卒居住和存放武器、弹药、粮食。\n    墙台：墙台是何墙体在同一平面，向外突出的平台，也叫“马面”突出部位砌有垛墙，平时放哨、习武，战时兵卒可以站在突出墙体的地方从侧面攻击登城的敌人。', '北京导游考试口试标准导游词之十六——长城题签：长城\n    长城是我国古代一项伟大的防御工事，是我国古代劳动人民创造的伟大的奇迹，1987年被列入《世界遗产名录》。\n    中国最早修筑长城是在春秋战国时期，当时各诸侯国为了争霸连年征战，为了有效的抵御入侵，各诸侯国在各自的边境上修筑了一系列能够传递信息的烽火台，以及具有防御性的驻军城堡，这些城堡当时被称为“列城”。在我国历史上最早修筑长城的是楚国，在历史是被称为“万城”或“方城”。之后各诸侯国纷纷效仿。齐国用黄土夯筑或用石块垒砌，修筑了从西到东，直至入海的长城。燕国也修筑了易水长城和北长城。此外赵国、秦国也分别在各自边境修筑了长城，这些城墙奠定了中国北方长城的基础。\n在中国历史上有三次修筑长城高峰。\n    第一次是在秦朝，秦始皇统一中国后，为了维护中原地区的封建经济的稳定发展，秦始皇派大将军蒙恬率30万军队及数百万民夫，先修建了秦赵燕三国北部的旧长城，再另筑部分新长城将他们连接起来形成了西起临洮东至辽东，长达7000公里。\n    第二次是西汉初年为了抵御匈奴的不断南侵和保护新开发的“丝绸之路”在采取坚决抗击政策的同时，修筑了规模宏大的汉长城。汉长城西起新疆的罗布泊，东至辽东，长达10000余公里，是中国历史上最长的长城，汉代是中国历史上修筑万里长城的第2次高峰。\n    第三次是明朝，逃回蒙古的元顺帝仍然保持有较大的军事实力，经常派兵南下，意图收复失地。明代后期，东北又有女真族的崛起。面对蒙古与女真的威胁，明代始终十分重视北方的防务。从朱元璋建国第一年，就派大将徐达北上修筑长城，直到明王朝灭亡，200多年中一直没有停过，其中大规模修筑就多达18次。司马迁总结了长城的建造选址原则“因地形，制险用塞”，可见历朝的长城都建在险峻之处。\n    明长城西起甘肃嘉峪关，东至辽东的鸭绿江边的虎山。全长 7000 多公里，经过了九个省，直辖市，自治区，即我们今天所看到的长城。明代把长城沿线分为九个防守区域，每个区域设镇守，称为“九边九镇”。明代是中国历史上修筑长城的第三次高峰，也是最后一次高峰。']","排云殿的名字来源于晋代诗人郭璞的诗句：“神仙排云出，但见金银台”。这座建筑位于颐和园内万寿山前山最宏伟的一组建筑群中，是慈禧太后过生日时接受百官朝贺的地方。 [{'title': './file_path/2023北京导游词.docx', 'content': '走出了长廊，我们就来到了以排云点为中心的祝寿庆典区，这里是万寿山前山最宏伟的一组建筑，构成了万寿山的中轴线。这条中轴线从临湖码头到山顶的智慧海，分布有排云门、排云殿、佛香阁、众香界、智慧海等主要建筑。\n\n排云殿建在乾隆年间大报恩延寿寺中大雄宝殿的遗址上，是慈禧太后过生日时接受百官朝贺的地方。排云出自晋代诗人郭璞：“神仙排云出，但见金银台”的诗句。\n\n在殿内，除了宝座，屏风等常规陈设以外，还有一些渲染气氛的特殊陈设，比如用台湾乌木雕刻的屏风，沉香木雕刻的寿字，圆镜插屏，金漆梅花树船和桦木根雕群仙祝寿。在祝寿的时候，二品以上的官员跪拜在排云门内，而三品以下者则在门外，光绪皇帝在二宫门正中跪拜，慈禧则坐在正殿内的九龙宝座上接受拜贺，可见慈禧太后当时地位之高。（“蕃厘经纬”的匾额意思是幸福无边）佛香阁、众香界和智慧海是乾隆年间大报恩延寿寺的一部分。佛香阁建于乾隆二十三年，也就是 1758 年，在光绪十七年的时候重建，耗费了银两 78 万多\n\n两，是颐和园当中花费最多的工程。它是全园建筑的中心，以 8 根铁梨木为支柱，支撑着'}, {'title': './file_path/2023北京导游词.docx', 'content': '的 546 幅，是乾隆十五年建造长廊时，命人到杭州临摹回来画上的。人物画多采用了我国古典文学名著，比如《西游记》、《三国演义》、《红楼梦》等等，所设计的内容时间跨度非常大，从三皇五帝到清朝，上下五千年，可以说得上是我国文化史的一个缩影，在 1900 年的时候，这里被《吉尼斯世界纪录大全》评为全球画廊之冠。\n\n走出了长廊，我们就来到了以排云点为中心的祝寿庆典区，这里是万寿山前山最宏伟的一组建筑，构成了万寿山的中轴线。这条中轴线从临湖码头到山顶的智慧海，分布有排云门、排云殿、佛香阁、众香界、智慧海等主要建筑。\n\n排云殿建在乾隆年间大报恩延寿寺中大雄宝殿的遗址上，是慈禧太后过生日时接受百官朝贺的地方。排云出自晋代诗人郭璞：“神仙排云出，但见金银台”的诗句。\n\n在殿内，除了宝座，屏风等常规陈设以外，还有一些渲染气氛的特殊陈设，比如用台湾乌木雕刻的屏风，沉香木雕刻的寿字，圆镜插屏，金漆梅花树船和桦木根雕群仙祝寿。在祝寿的时候，二品以上的官员跪拜在排云门内，而三品以下者则在门外，光绪皇帝在二宫门正中跪拜，慈禧则坐在正殿内的九龙宝座上接受拜贺，可见慈禧太后当时地位之高。（“蕃厘经纬”的匾额意思是幸福无边）佛香阁、众香界和智慧海是乾隆年间大报恩延寿寺的一部分。佛香阁建于乾隆二十三年，也就是 1758 年，在光绪十七年的时候重建，耗费了银两 78 万多\n\n两，是颐和园当中花费最多的工程。它是全园建筑的中心，以 8 根铁梨木为支柱，支撑着\n\n\n\n41 米高的三层，八面，四重檐的阁楼，艺术水准非常高，原来在这里供奉有 5 米多高的金身佛香。\n\n智慧海在外寿山的最高处，建于乾隆年间，名称来自《无量寿经》中“如来智慧海，身府无崖底。”意思是如来佛智慧如海，佛法无边。这里是一座用琉璃砖瓦和石料建成的两层无梁殿，原来供奉有无量寿佛，外壁上还嵌着 1008 尊小佛，虽然在 1860 年英法联军入侵的时候殿堂没有被烧毁，但是这些佛像却遭到了破坏。\n\n好了，我的讲解就到这结束了，谢谢各位的支持，祝大家在接下来的旅途中玩得开心。\n\n明十三陵\n\n现在大家已经来到了北京的远郊昌平区，那即将进入的就是十三陵景区。利用这段时间，我来给大家讲解一下十三陵的历史背景和说明。'}, {'title': './file_path/2023北京导游词.docx', 'content': '现在我们来到了皇穹宇，它距今已有四百多年历史。殿高 19.5 米，底部直径 15.6 米。砖木结构，整个殿宇用八根檐柱支撑，顶无横梁，由众多斗拱层层上叠，天花板层层收缩，组成美丽的穹窿圆顶式的藻井。殿内正中的石台宝座，是放置皇天上帝神牌的地方；宝座前左右的石台，是放置皇帝历代祖先牌位之处。殿外的东西配殿，为供奉日月星辰和云雨风雷诸神牌位之所。现按原样陈列，并塑有清代祭天官员的蜡像。'}]",出自晋代诗人郭璞：“神仙排云出，但见金银台”的诗句,0.7756099498270178,1.0,0.9999999999,1.0
“蕃厘经纬”的匾额意思是什么？,"['墙台：墙台是何墙体在同一平面，向外突出的平台，也叫“马面”突出部位砌有垛墙，平时放哨、习武，战时兵卒可以站在突出墙体的地方从侧面攻击登城的敌人。\n    烽火台：烽火台位于城墙墙体之外不与墙体相连，是一个独立的建山体拐角处，是传递军情的设施。白天报警点烟称烽，夜间报警放火叫燧。报警时用狼粪做燃料，烟飘的高不容易散，非常醒目，又叫狼烟。所以烽火台又称烽燧，狼烟台等。明成化年间规定，来犯之敌百余人左右，燃一烟点一炮；五百人左右，燃两烟点两炮；千人以上，燃三烟点三炮；五千人以上，燃四烟，点四炮；万人以上，燃五烟点五炮。\n    北京段的长城为什么修建在这里呢？这是北京的地形所决定的，北京北军都山，西有西山，两山在北京的西北部交会形成峡谷，成为人们往来最重要的通道。因为古代在峡谷中建有居庸关，故名关沟。关沟东起昌平区南口镇，西北到延庆县八达岭，全长 20 公里，是北京通往蒙古高原的重要通道。关沟内花木郁葱，溪水长流，风景秀丽，又有很多民间传说及名人佚事，民间传说很多，于是衍生出“关沟七十二景”，有仙人枕、点将台、望京石等等。\n    关沟自古为兵家必争之地。明代因关沟是北京的关防重点，因此在关沟内设置了四道防线重兵把守。也就是俗称的4关，它们分别是八达岭关、上关、居庸关、下关。\n    居庸关位于两山夹峙、陡峭难攀的峡谷中，又有下关与八达岭两个周边关，自古有“绝险”之称。“居庸”一词最早见于《吕氏春秋》中“天下九塞，居庸其一”。居庸关与山海关、嘉峪关并称明长城全线著名的三关。居庸关又被称为天下第一雄关。现在居庸关上的南北两门上的“居庸关”三字匾额是明景泰年间所题。\n    居庸关关城里有一座汉白玉砌筑的高台叫云台，始建于元代，原是一个过街塔建筑，当时台上有3座并列的白色覆钵式白塔。元末明初佛塔毁坏，只剩下汉白玉台座，因为云台上雕饰了很多藏传佛教图像与文字。所以云台具有极高的文物价值。在居庸关边上有乾隆皇帝御笔题写——著名的燕京八景之一的“居庸叠翠”。\n    在关沟中与公路平行的这条铁路就是著名的京张铁路了，它全长200多千米，是我国清末爱国工程师詹天佑主持修建的，是中国人自己设计施工的第一条铁路，并创造性的设计了“人”字形铁路、“之”字形爬山，解决了火车不能直接爬坡和拐弯的问题。而且成功的打通了长达 1091 米的隧道。这在当时是非常不容易的。', '北京的八达岭长城是我国万里长城中独具代表性的一段。这里地势险要，城关坚固，是长城重要关口居庸关的前哨，八达岭长城历来是兵家必争之地。这里为什么叫八达岭呢？因为从这里往北可达延庆、赤城；往南可达昌平、北京市内；往东可达永宁、四海、密云；往西可达沙城、宣化、怀来、大同、张家口；道路四通八达，故称八达岭。八达岭是居庸关的门户。因此古人曾说“居庸之险，不在关，而在八达岭”。\n    八达岭长城是由关城，岔道城，墙体，敌台，烽火台，排洪洞等建筑组成，是明长城中最典型的一段。是北京境内长城中保存最完好，工程质量最佳，结构最严谨的一段。其中墙体长约12千米，敌台24座，墙台4座。\n    关城：关城建于明代，面积约 5000平方米，城高7.5米。关城东门上刻“居庸外镇”。意为居庸关外又一重镇。西门上刻“北门锁钥”。意思是此处是军事重镇，好像北京的门户上的一把锁，一旦被打开，整个北京也就门户洞开了。\n    关城内的墩台高达厚实，下部用十多层花岗岩条石垒砌，上部为城砖，宽20 多米，是长城中最壮观的墩台之一。在登城口内有明崇祯年间铸造的大炮“神威大将军”。\n    岔道城：由于关城地域狭小，很难驻守大量官兵，明嘉靖三十年（1551）又在关城西北另建岔道城，城中建有守备衙门、武器弹药库、粮库、兵营等。\n    墙体：墙体平均高7.8米，墙基平均宽5.8米左右，可容10人并进或5 马并骑。内侧称女儿墙，高约1米；外侧称垛墙或雉堞，高近2米。垛墙上凸出的部分称垛口，低凹的部分称堞口，每个垛9上有望孔，下由射孔。墙顶上还设由排水沟和吐水嘴，吐水嘴做成长长的石槽伸出墙外，以防雨水冲刷墙体。\n    敌台：敌台是跨墙而筑，高出墙体，两层或三层的建筑，上面四面开有望孔和箭窗。里面分隔成相互连通的屋子，分别用于士卒居住和存放武器、弹药、粮食。\n    墙台：墙台是何墙体在同一平面，向外突出的平台，也叫“马面”突出部位砌有垛墙，平时放哨、习武，战时兵卒可以站在突出墙体的地方从侧面攻击登城的敌人。', '北京导游考试口试标准导游词之十六——长城题签：长城\n    长城是我国古代一项伟大的防御工事，是我国古代劳动人民创造的伟大的奇迹，1987年被列入《世界遗产名录》。\n    中国最早修筑长城是在春秋战国时期，当时各诸侯国为了争霸连年征战，为了有效的抵御入侵，各诸侯国在各自的边境上修筑了一系列能够传递信息的烽火台，以及具有防御性的驻军城堡，这些城堡当时被称为“列城”。在我国历史上最早修筑长城的是楚国，在历史是被称为“万城”或“方城”。之后各诸侯国纷纷效仿。齐国用黄土夯筑或用石块垒砌，修筑了从西到东，直至入海的长城。燕国也修筑了易水长城和北长城。此外赵国、秦国也分别在各自边境修筑了长城，这些城墙奠定了中国北方长城的基础。\n在中国历史上有三次修筑长城高峰。\n    第一次是在秦朝，秦始皇统一中国后，为了维护中原地区的封建经济的稳定发展，秦始皇派大将军蒙恬率30万军队及数百万民夫，先修建了秦赵燕三国北部的旧长城，再另筑部分新长城将他们连接起来形成了西起临洮东至辽东，长达7000公里。\n    第二次是西汉初年为了抵御匈奴的不断南侵和保护新开发的“丝绸之路”在采取坚决抗击政策的同时，修筑了规模宏大的汉长城。汉长城西起新疆的罗布泊，东至辽东，长达10000余公里，是中国历史上最长的长城，汉代是中国历史上修筑万里长城的第2次高峰。\n    第三次是明朝，逃回蒙古的元顺帝仍然保持有较大的军事实力，经常派兵南下，意图收复失地。明代后期，东北又有女真族的崛起。面对蒙古与女真的威胁，明代始终十分重视北方的防务。从朱元璋建国第一年，就派大将徐达北上修筑长城，直到明王朝灭亡，200多年中一直没有停过，其中大规模修筑就多达18次。司马迁总结了长城的建造选址原则“因地形，制险用塞”，可见历朝的长城都建在险峻之处。\n    明长城西起甘肃嘉峪关，东至辽东的鸭绿江边的虎山。全长 7000 多公里，经过了九个省，直辖市，自治区，即我们今天所看到的长城。明代把长城沿线分为九个防守区域，每个区域设镇守，称为“九边九镇”。明代是中国历史上修筑长城的第三次高峰，也是最后一次高峰。']","似乎没有找到关于“蕃厘经纬”匾额的具体解释。这个匾额可能位于某个特定的景点或建筑上，但提供的信息中并没有直接提到它。如果它是位于颐和园、故宫或其他著名古迹中的某处，请提供更多的上下文信息以便我能更准确地为您解答。如果有具体的地点或者更多背景信息，也请告诉我，这样我能够更好地帮助您了解其含义。如果您是想询问颐和园内的玉澜堂相关的信息，“玉澜堂”名字来源于晋代诗人陆机的诗句：“玉泉涌微澜”，而与“蕃厘经纬”无关。是否需要进一步查询其他资料来确定“蕃厘经纬”的具体出处及其含义呢？ [{'title': './file_path/（六）长城.txt', 'content': '北京的八达岭长城是我国万里长城中独具代表性的一段。这里地势险要，城关坚固，是长城重要关口居庸关的前哨，八达岭长城历来是兵家必争之地。这里为什么叫八达岭呢？因为从这里往北可达延庆、赤城；往南可达昌平、北京市内；往东可达永宁、四海、密云；往西可达沙城、宣化、怀来、大同、张家口；道路四通八达，故称八达岭。八达岭是居庸关的门户。因此古人曾说“居庸之险，不在关，而在八达岭”。\n    八达岭长城是由关城，岔道城，墙体，敌台，烽火台，排洪洞等建筑组成，是明长城中最典型的一段。是北京境内长城中保存最完好，工程质量最佳，结构最严谨的一段。其中墙体长约12千米，敌台24座，墙台4座。\n    关城：关城建于明代，面积约 5000平方米，城高7.5米。关城东门上刻“居庸外镇”。意为居庸关外又一重镇。西门上刻“北门锁钥”。意思是此处是军事重镇，好像北京的门户上的一把锁，一旦被打开，整个北京也就门户洞开了。\n    关城内的墩台高达厚实，下部用十多层花岗岩条石垒砌，上部为城砖，宽20 多米，是长城中最壮观的墩台之一。在登城口内有明崇祯年间铸造的大炮“神威大将军”。\n    岔道城：由于关城地域狭小，很难驻守大量官兵，明嘉靖三十年（1551）又在关城西北另建岔道城，城中建有守备衙门、武器弹药库、粮库、兵营等。\n    墙体：墙体平均高7.8米，墙基平均宽5.8米左右，可容10人并进或5 马并骑。内侧称女儿墙，高约1米；外侧称垛墙或雉堞，高近2米。垛墙上凸出的部分称垛口，低凹的部分称堞口，每个垛9上有望孔，下由射孔。墙顶上还设由排水沟和吐水嘴，吐水嘴做成长长的石槽伸出墙外，以防雨水冲刷墙体。\n    敌台：敌台是跨墙而筑，高出墙体，两层或三层的建筑，上面四面开有望孔和箭窗。里面分隔成相互连通的屋子，分别用于士卒居住和存放武器、弹药、粮食。\n    墙台：墙台是何墙体在同一平面，向外突出的平台，也叫“马面”突出部位砌有垛墙，平时放哨、习武，战时兵卒可以站在突出墙体的地方从侧面攻击登城的敌人。'}, {'title': './file_path/（六）长城.txt', 'content': '墙台：墙台是何墙体在同一平面，向外突出的平台，也叫“马面”突出部位砌有垛墙，平时放哨、习武，战时兵卒可以站在突出墙体的地方从侧面攻击登城的敌人。\n    烽火台：烽火台位于城墙墙体之外不与墙体相连，是一个独立的建山体拐角处，是传递军情的设施。白天报警点烟称烽，夜间报警放火叫燧。报警时用狼粪做燃料，烟飘的高不容易散，非常醒目，又叫狼烟。所以烽火台又称烽燧，狼烟台等。明成化年间规定，来犯之敌百余人左右，燃一烟点一炮；五百人左右，燃两烟点两炮；千人以上，燃三烟点三炮；五千人以上，燃四烟，点四炮；万人以上，燃五烟点五炮。\n    北京段的长城为什么修建在这里呢？这是北京的地形所决定的，北京北军都山，西有西山，两山在北京的西北部交会形成峡谷，成为人们往来最重要的通道。因为古代在峡谷中建有居庸关，故名关沟。关沟东起昌平区南口镇，西北到延庆县八达岭，全长 20 公里，是北京通往蒙古高原的重要通道。关沟内花木郁葱，溪水长流，风景秀丽，又有很多民间传说及名人佚事，民间传说很多，于是衍生出“关沟七十二景”，有仙人枕、点将台、望京石等等。\n    关沟自古为兵家必争之地。明代因关沟是北京的关防重点，因此在关沟内设置了四道防线重兵把守。也就是俗称的4关，它们分别是八达岭关、上关、居庸关、下关。\n    居庸关位于两山夹峙、陡峭难攀的峡谷中，又有下关与八达岭两个周边关，自古有“绝险”之称。“居庸”一词最早见于《吕氏春秋》中“天下九塞，居庸其一”。居庸关与山海关、嘉峪关并称明长城全线著名的三关。居庸关又被称为天下第一雄关。现在居庸关上的南北两门上的“居庸关”三字匾额是明景泰年间所题。\n    居庸关关城里有一座汉白玉砌筑的高台叫云台，始建于元代，原是一个过街塔建筑，当时台上有3座并列的白色覆钵式白塔。元末明初佛塔毁坏，只剩下汉白玉台座，因为云台上雕饰了很多藏传佛教图像与文字。所以云台具有极高的文物价值。在居庸关边上有乾隆皇帝御笔题写——著名的燕京八景之一的“居庸叠翠”。\n    在关沟中与公路平行的这条铁路就是著名的京张铁路了，它全长200多千米，是我国清末爱国工程师詹天佑主持修建的，是中国人自己设计施工的第一条铁路，并创造性的设计了“人”字形铁路、“之”字形爬山，解决了火车不能直接爬坡和拐弯的问题。而且成功的打通了长达 1091 米的隧道。这在当时是非常不容易的。'}, {'title': './file_path/2023北京导游词.docx', 'content': '我们看到这组建筑别致、环境幽雅的四合院叫做玉澜堂，出自晋代诗人陆机：“玉泉涌微澜”的诗句，这里就是光绪皇帝来颐和园是居住的地方。既然说到了这里，就有必要提及一下戊戌变法。爱新觉罗·载湉（tian）就是清朝的第九个皇帝，也就是慈禧的侄子，光绪皇帝。同治皇帝死了以后，慈禧太后为了能够继续掌权，所以就让四岁的载湉当皇帝，而她则再度垂帘听政。到了光绪 19 岁亲政以后，宫廷内保守派和维新派在政治上起了冲突。1898年，维新派代表人物康有为，梁启超，谭嗣同等人通过光绪皇帝实行变法，史称“戊戌变法”，由于这次变法运动只持续了 103'}]",幸福无边,0.0,0.25,0.0,0.0
智慧海名字出自哪里？,"['北京的八达岭长城是我国万里长城中独具代表性的一段。这里地势险要，城关坚固，是长城重要关口居庸关的前哨，八达岭长城历来是兵家必争之地。这里为什么叫八达岭呢？因为从这里往北可达延庆、赤城；往南可达昌平、北京市内；往东可达永宁、四海、密云；往西可达沙城、宣化、怀来、大同、张家口；道路四通八达，故称八达岭。八达岭是居庸关的门户。因此古人曾说“居庸之险，不在关，而在八达岭”。\n    八达岭长城是由关城，岔道城，墙体，敌台，烽火台，排洪洞等建筑组成，是明长城中最典型的一段。是北京境内长城中保存最完好，工程质量最佳，结构最严谨的一段。其中墙体长约12千米，敌台24座，墙台4座。\n    关城：关城建于明代，面积约 5000平方米，城高7.5米。关城东门上刻“居庸外镇”。意为居庸关外又一重镇。西门上刻“北门锁钥”。意思是此处是军事重镇，好像北京的门户上的一把锁，一旦被打开，整个北京也就门户洞开了。\n    关城内的墩台高达厚实，下部用十多层花岗岩条石垒砌，上部为城砖，宽20 多米，是长城中最壮观的墩台之一。在登城口内有明崇祯年间铸造的大炮“神威大将军”。\n    岔道城：由于关城地域狭小，很难驻守大量官兵，明嘉靖三十年（1551）又在关城西北另建岔道城，城中建有守备衙门、武器弹药库、粮库、兵营等。\n    墙体：墙体平均高7.8米，墙基平均宽5.8米左右，可容10人并进或5 马并骑。内侧称女儿墙，高约1米；外侧称垛墙或雉堞，高近2米。垛墙上凸出的部分称垛口，低凹的部分称堞口，每个垛9上有望孔，下由射孔。墙顶上还设由排水沟和吐水嘴，吐水嘴做成长长的石槽伸出墙外，以防雨水冲刷墙体。\n    敌台：敌台是跨墙而筑，高出墙体，两层或三层的建筑，上面四面开有望孔和箭窗。里面分隔成相互连通的屋子，分别用于士卒居住和存放武器、弹药、粮食。\n    墙台：墙台是何墙体在同一平面，向外突出的平台，也叫“马面”突出部位砌有垛墙，平时放哨、习武，战时兵卒可以站在突出墙体的地方从侧面攻击登城的敌人。', '墙台：墙台是何墙体在同一平面，向外突出的平台，也叫“马面”突出部位砌有垛墙，平时放哨、习武，战时兵卒可以站在突出墙体的地方从侧面攻击登城的敌人。\n    烽火台：烽火台位于城墙墙体之外不与墙体相连，是一个独立的建山体拐角处，是传递军情的设施。白天报警点烟称烽，夜间报警放火叫燧。报警时用狼粪做燃料，烟飘的高不容易散，非常醒目，又叫狼烟。所以烽火台又称烽燧，狼烟台等。明成化年间规定，来犯之敌百余人左右，燃一烟点一炮；五百人左右，燃两烟点两炮；千人以上，燃三烟点三炮；五千人以上，燃四烟，点四炮；万人以上，燃五烟点五炮。\n    北京段的长城为什么修建在这里呢？这是北京的地形所决定的，北京北军都山，西有西山，两山在北京的西北部交会形成峡谷，成为人们往来最重要的通道。因为古代在峡谷中建有居庸关，故名关沟。关沟东起昌平区南口镇，西北到延庆县八达岭，全长 20 公里，是北京通往蒙古高原的重要通道。关沟内花木郁葱，溪水长流，风景秀丽，又有很多民间传说及名人佚事，民间传说很多，于是衍生出“关沟七十二景”，有仙人枕、点将台、望京石等等。\n    关沟自古为兵家必争之地。明代因关沟是北京的关防重点，因此在关沟内设置了四道防线重兵把守。也就是俗称的4关，它们分别是八达岭关、上关、居庸关、下关。\n    居庸关位于两山夹峙、陡峭难攀的峡谷中，又有下关与八达岭两个周边关，自古有“绝险”之称。“居庸”一词最早见于《吕氏春秋》中“天下九塞，居庸其一”。居庸关与山海关、嘉峪关并称明长城全线著名的三关。居庸关又被称为天下第一雄关。现在居庸关上的南北两门上的“居庸关”三字匾额是明景泰年间所题。\n    居庸关关城里有一座汉白玉砌筑的高台叫云台，始建于元代，原是一个过街塔建筑，当时台上有3座并列的白色覆钵式白塔。元末明初佛塔毁坏，只剩下汉白玉台座，因为云台上雕饰了很多藏传佛教图像与文字。所以云台具有极高的文物价值。在居庸关边上有乾隆皇帝御笔题写——著名的燕京八景之一的“居庸叠翠”。\n    在关沟中与公路平行的这条铁路就是著名的京张铁路了，它全长200多千米，是我国清末爱国工程师詹天佑主持修建的，是中国人自己设计施工的第一条铁路，并创造性的设计了“人”字形铁路、“之”字形爬山，解决了火车不能直接爬坡和拐弯的问题。而且成功的打通了长达 1091 米的隧道。这在当时是非常不容易的。', '北京导游考试口试标准导游词之十六——长城题签：长城\n    长城是我国古代一项伟大的防御工事，是我国古代劳动人民创造的伟大的奇迹，1987年被列入《世界遗产名录》。\n    中国最早修筑长城是在春秋战国时期，当时各诸侯国为了争霸连年征战，为了有效的抵御入侵，各诸侯国在各自的边境上修筑了一系列能够传递信息的烽火台，以及具有防御性的驻军城堡，这些城堡当时被称为“列城”。在我国历史上最早修筑长城的是楚国，在历史是被称为“万城”或“方城”。之后各诸侯国纷纷效仿。齐国用黄土夯筑或用石块垒砌，修筑了从西到东，直至入海的长城。燕国也修筑了易水长城和北长城。此外赵国、秦国也分别在各自边境修筑了长城，这些城墙奠定了中国北方长城的基础。\n在中国历史上有三次修筑长城高峰。\n    第一次是在秦朝，秦始皇统一中国后，为了维护中原地区的封建经济的稳定发展，秦始皇派大将军蒙恬率30万军队及数百万民夫，先修建了秦赵燕三国北部的旧长城，再另筑部分新长城将他们连接起来形成了西起临洮东至辽东，长达7000公里。\n    第二次是西汉初年为了抵御匈奴的不断南侵和保护新开发的“丝绸之路”在采取坚决抗击政策的同时，修筑了规模宏大的汉长城。汉长城西起新疆的罗布泊，东至辽东，长达10000余公里，是中国历史上最长的长城，汉代是中国历史上修筑万里长城的第2次高峰。\n    第三次是明朝，逃回蒙古的元顺帝仍然保持有较大的军事实力，经常派兵南下，意图收复失地。明代后期，东北又有女真族的崛起。面对蒙古与女真的威胁，明代始终十分重视北方的防务。从朱元璋建国第一年，就派大将徐达北上修筑长城，直到明王朝灭亡，200多年中一直没有停过，其中大规模修筑就多达18次。司马迁总结了长城的建造选址原则“因地形，制险用塞”，可见历朝的长城都建在险峻之处。\n    明长城西起甘肃嘉峪关，东至辽东的鸭绿江边的虎山。全长 7000 多公里，经过了九个省，直辖市，自治区，即我们今天所看到的长城。明代把长城沿线分为九个防守区域，每个区域设镇守，称为“九边九镇”。明代是中国历史上修筑长城的第三次高峰，也是最后一次高峰。']","您提到的“智慧海”似乎没有直接对应的信息。不过，根据您的问题，我猜测您可能是指位于北京颐和园内的一座建筑——智慧海。智慧海的名字来源于佛教经典《华严经》中的“智慧如海”，寓意着无边无际的智慧。这座建筑是一座精美的琉璃砖石结构的佛殿，以其独特的建筑风格和丰富的文化内涵而著称。

如果您想了解的是其他地方或有更多关于智慧海的问题，请告诉我，我会为您提供更详细的信息。 [{'title': './file_path/2023北京导游词.docx', 'content': '长城\n\n尊敬的游客朋友：\n\n\n\n大家好！欢迎您来到长城游玩，希望我们的服务能让您多一份欢乐，也希望您能玩得开心，玩得尽兴，玩得满足。接下来，我先向诸位介绍一下长城的概况。\n\n长城位于北京的北面，始建于春秋战国时期。那时各个诸侯国为了互相防御，就在自己境内地势险要的地方修筑长城。秦始皇统一中国后，为防御北方匈奴的入侵，便将各诸侯国的长城连接起来，并将其延长，号称“万里长城”。长城，远远望去像一条长龙，在巍巍群\n\n\n\n山之间蜿蜒盘旋。它全长一万三千多里。国父孙中山参观长城后，评价道：“中国最有名之工程者，万里长城也。工程之大，古无其匹，为世界独一之奇观。”'}, {'title': './file_path/（六）长城.txt', 'content': '北京导游考试口试标准导游词之十六——长城题签：长城\n    长城是我国古代一项伟大的防御工事，是我国古代劳动人民创造的伟大的奇迹，1987年被列入《世界遗产名录》。\n    中国最早修筑长城是在春秋战国时期，当时各诸侯国为了争霸连年征战，为了有效的抵御入侵，各诸侯国在各自的边境上修筑了一系列能够传递信息的烽火台，以及具有防御性的驻军城堡，这些城堡当时被称为“列城”。在我国历史上最早修筑长城的是楚国，在历史是被称为“万城”或“方城”。之后各诸侯国纷纷效仿。齐国用黄土夯筑或用石块垒砌，修筑了从西到东，直至入海的长城。燕国也修筑了易水长城和北长城。此外赵国、秦国也分别在各自边境修筑了长城，这些城墙奠定了中国北方长城的基础。\n在中国历史上有三次修筑长城高峰。\n    第一次是在秦朝，秦始皇统一中国后，为了维护中原地区的封建经济的稳定发展，秦始皇派大将军蒙恬率30万军队及数百万民夫，先修建了秦赵燕三国北部的旧长城，再另筑部分新长城将他们连接起来形成了西起临洮东至辽东，长达7000公里。\n    第二次是西汉初年为了抵御匈奴的不断南侵和保护新开发的“丝绸之路”在采取坚决抗击政策的同时，修筑了规模宏大的汉长城。汉长城西起新疆的罗布泊，东至辽东，长达10000余公里，是中国历史上最长的长城，汉代是中国历史上修筑万里长城的第2次高峰。\n    第三次是明朝，逃回蒙古的元顺帝仍然保持有较大的军事实力，经常派兵南下，意图收复失地。明代后期，东北又有女真族的崛起。面对蒙古与女真的威胁，明代始终十分重视北方的防务。从朱元璋建国第一年，就派大将徐达北上修筑长城，直到明王朝灭亡，200多年中一直没有停过，其中大规模修筑就多达18次。司马迁总结了长城的建造选址原则“因地形，制险用塞”，可见历朝的长城都建在险峻之处。\n    明长城西起甘肃嘉峪关，东至辽东的鸭绿江边的虎山。全长 7000 多公里，经过了九个省，直辖市，自治区，即我们今天所看到的长城。明代把长城沿线分为九个防守区域，每个区域设镇守，称为“九边九镇”。明代是中国历史上修筑长城的第三次高峰，也是最后一次高峰。'}, {'title': './file_path/（六）长城.txt', 'content': '北京的八达岭长城是我国万里长城中独具代表性的一段。这里地势险要，城关坚固，是长城重要关口居庸关的前哨，八达岭长城历来是兵家必争之地。这里为什么叫八达岭呢？因为从这里往北可达延庆、赤城；往南可达昌平、北京市内；往东可达永宁、四海、密云；往西可达沙城、宣化、怀来、大同、张家口；道路四通八达，故称八达岭。八达岭是居庸关的门户。因此古人曾说“居庸之险，不在关，而在八达岭”。\n    八达岭长城是由关城，岔道城，墙体，敌台，烽火台，排洪洞等建筑组成，是明长城中最典型的一段。是北京境内长城中保存最完好，工程质量最佳，结构最严谨的一段。其中墙体长约12千米，敌台24座，墙台4座。\n    关城：关城建于明代，面积约 5000平方米，城高7.5米。关城东门上刻“居庸外镇”。意为居庸关外又一重镇。西门上刻“北门锁钥”。意思是此处是军事重镇，好像北京的门户上的一把锁，一旦被打开，整个北京也就门户洞开了。\n    关城内的墩台高达厚实，下部用十多层花岗岩条石垒砌，上部为城砖，宽20 多米，是长城中最壮观的墩台之一。在登城口内有明崇祯年间铸造的大炮“神威大将军”。\n    岔道城：由于关城地域狭小，很难驻守大量官兵，明嘉靖三十年（1551）又在关城西北另建岔道城，城中建有守备衙门、武器弹药库、粮库、兵营等。\n    墙体：墙体平均高7.8米，墙基平均宽5.8米左右，可容10人并进或5 马并骑。内侧称女儿墙，高约1米；外侧称垛墙或雉堞，高近2米。垛墙上凸出的部分称垛口，低凹的部分称堞口，每个垛9上有望孔，下由射孔。墙顶上还设由排水沟和吐水嘴，吐水嘴做成长长的石槽伸出墙外，以防雨水冲刷墙体。\n    敌台：敌台是跨墙而筑，高出墙体，两层或三层的建筑，上面四面开有望孔和箭窗。里面分隔成相互连通的屋子，分别用于士卒居住和存放武器、弹药、粮食。\n    墙台：墙台是何墙体在同一平面，向外突出的平台，也叫“马面”突出部位砌有垛墙，平时放哨、习武，战时兵卒可以站在突出墙体的地方从侧面攻击登城的敌人。'}]",名称来自《无量寿经》中 如来智慧海，身府无崖底。,0.42755059729195294,0.14285714285714285,0.0,0.0
朱元璋的坟在哪里？,"['这 200 多年间，明十三陵的营建工程从来没有间断过。在这方圆 40 平方公里的范围，埋葬了明代十三位皇帝，二十三位皇后，还有许多的妃子，太子等等。可是这里也没能够完整地保留下来，在清兵入关以后，为了报复金人将清太祖的祖坟毁掉，所以就将这里烧了。后来在乾隆五十年的时候，为了笼络汉人，就下令修缮陵区。在新中国成立以后，对这里进行了大规模的开发，并且开放了的长陵、定陵和昭陵，其中定陵的地宫已经被发掘了。现在这里已经成为全国重点风景名胜区，是世界上保存完整、埋葬皇帝最多的墓葬群。现在大家可能在想：明朝不是有十六个皇帝吗？怎么在这里只有十三个皇帝的陵寝？其实原因很简单，明太祖朱元璋因为建都南京，所以他的陵墓当然就在南京啦，也就是明孝陵；而明朝第二个皇帝建文帝，因为被朱棣夺取了皇位，尸骨下落不明，所以这里就没有他的陵墓；在明朝第七代皇帝英宗的时候，他曾经被宦官王振怂恿，率军亲征，后来在河北怀来的土木堡被瓦剌军俘虏，这个事件称为“土木之变”，一国不能无君，所以他的兄弟就被册封为景泰帝，而后', '明十三陵\n\n现在大家已经来到了北京的远郊昌平区，那即将进入的就是十三陵景区。利用这段时间，我来给大家讲解一下十三陵的历史背景和说明。\n\n明朝永乐皇帝朱棣在 1407 年派了一些风水术师到北京选择“吉壤”，其实就是吉祥的土地，准备修建陵寝。当时这些人找了很多地方，但是都不成功，开始他们选在了口外的屠家营，可是皇帝姓朱，与猪同音，犯了地讳。然后又选在了昌平西南的羊山脚下，可是后面有个村子叫“狼口峪”，这样岂不是更危险！后来选过京西的“燕家台”，有与“宴驾”同音，太不吉利了。最后直到明永乐七年，才选定了现在的这片天寿山陵区，在周围有蟒山，虎峪，龙山和天寿山。这里正符合了阴阳五行中四方之神的所在位置，就是东青龙，西白虎，南朱雀，北玄武，还有温榆河经过这里，真可以说是风水宝地。从此可见当时皇帝要为自己修建一个陵寝要耗费多少精力啊。随后，就开始修建了长陵，经过四年终于竣工了。那明朝历代的皇帝，也陆续在这里修建了陵寝。而且从 1409 修建长陵一直到 1644 年明王朝灭亡，\n\n这 200 多年间，明十三陵的营建工程从来没有间断过。在这方圆 40 平方公里的范围，埋葬了明代十三位皇帝，二十三位皇后，还有许多的妃子，太子等等。可是这里也没能够完整地保留下来，在清兵入关以后，为了报复金人将清太祖的祖坟毁掉，所以就将这里烧了。后来在乾隆五十年的时候，为了笼络汉人，就下令修缮陵区。在新中国成立以后，对这里进行了大规模的开发，并且开放了的长陵、定陵和昭陵，其中定陵的地宫已经被发掘了。现在这里已经成为全国重点风景名胜区，是世界上保存完整、埋葬皇帝最多的墓葬群。现在大家可能在想：明朝不是有十六个皇帝吗？怎么在这里只有十三个皇帝的陵寝？其实原因很简单，明太祖朱元璋因为建都南京，所以他的陵墓当然就在南京啦，也就是明孝陵；而明朝第二个皇帝建文帝，因为被朱棣夺取了皇位，尸骨下落不明，所以这里就没有他的陵墓；在明朝第七代皇帝英宗的时候，他曾经被宦官王振怂恿，率军亲征，后来在河北怀来的土木堡被瓦剌军俘虏，这个事件称为“土木之变”，一国不能无君，所以他的兄弟就被册封为景泰帝，而后\n\n\n\n又上演了英宗重新夺取皇位的“夺门之变”，所以在十三陵中没有景泰帝的陵墓，他以亲王的礼节被安葬在西郊的金山口。这样一来，大家一定都明白了为什么这里叫做十三陵了。', '咱们从殿后的门一出来，就到达了第三进院落，每座陵墓的标志——明楼就在这里。大家可以看到这里也有一个碑亭，石碑上刻有成祖文皇帝之陵，因为皇帝姓朱，所以碑身也都是用的朱砂红色。\n\n由于长陵的地宫没有发掘，所以我们在长陵的游览就先告一段落。不过大家不用着急，接下来我们将要去的定陵，就可以让大家参观到古代皇帝的地下宫殿了。']","明太祖朱元璋的陵墓位于南京，称为明孝陵。明孝陵是朱元璋及其皇后马皇后的合葬陵寝，它坐落在南京市玄武区紫金山南麓独龙阜玩珠峰下，东毗中山陵，南临梅花山，位于钟山风景名胜区内，是明初建筑和石刻艺术的精品。

如果您计划前往参观明孝陵，我可以为您提供更多关于该景点的信息或帮助您规划行程。请问您需要了解哪些方面的信息？ [{'title': './file_path/2023北京导游词.docx', 'content': '这 200 多年间，明十三陵的营建工程从来没有间断过。在这方圆 40 平方公里的范围，埋葬了明代十三位皇帝，二十三位皇后，还有许多的妃子，太子等等。可是这里也没能够完整地保留下来，在清兵入关以后，为了报复金人将清太祖的祖坟毁掉，所以就将这里烧了。后来在乾隆五十年的时候，为了笼络汉人，就下令修缮陵区。在新中国成立以后，对这里进行了大规模的开发，并且开放了的长陵、定陵和昭陵，其中定陵的地宫已经被发掘了。现在这里已经成为全国重点风景名胜区，是世界上保存完整、埋葬皇帝最多的墓葬群。现在大家可能在想：明朝不是有十六个皇帝吗？怎么在这里只有十三个皇帝的陵寝？其实原因很简单，明太祖朱元璋因为建都南京，所以他的陵墓当然就在南京啦，也就是明孝陵；而明朝第二个皇帝建文帝，因为被朱棣夺取了皇位，尸骨下落不明，所以这里就没有他的陵墓；在明朝第七代皇帝英宗的时候，他曾经被宦官王振怂恿，率军亲征，后来在河北怀来的土木堡被瓦剌军俘虏，这个事件称为“土木之变”，一国不能无君，所以他的兄弟就被册封为景泰帝，而后'}, {'title': './file_path/2023北京导游词.docx', 'content': '咱们从殿后的门一出来，就到达了第三进院落，每座陵墓的标志——明楼就在这里。大家可以看到这里也有一个碑亭，石碑上刻有成祖文皇帝之陵，因为皇帝姓朱，所以碑身也都是用的朱砂红色。\n\n由于长陵的地宫没有发掘，所以我们在长陵的游览就先告一段落。不过大家不用着急，接下来我们将要去的定陵，就可以让大家参观到古代皇帝的地下宫殿了。\n\n定陵是明朝第 13 位皇帝神宗万历朱翊钧和孝端、孝靖两位皇后的合葬墓。朱翊钧是明朝在位最久的皇帝，他的为人和永乐皇帝朱棣可以说成为了鲜明的对比。他非常贪婪懒惰，在他九岁即位的时候，由于有大臣张居正的辅佐，国家发展得还算比较稳定，可是后来张居正病逝，他便利用这个机会为自己选择了陵地，花费了 800 万两白银，用了六年时间，建了工程质量最好的定陵，而他居然因为陵寝修建的非常满意，而在地宫当中举行了盛大的宴会，真实一位让人哭笑不得的皇帝。而他不仅如此，在他在位的 48 年当中，竟然有 28 年不理朝政，导致国家处于瘫痪状态。后人评论，其实明朝灭亡的命运，在万历皇帝朱翊钧时就已经成为定局了。他有两位皇后，其实在开始的时候孝靖皇后身份低下，可是与他有了一个男孩，就是后来的“一月天子”朱常洛，母以子贵，她就被封为贵妃。但是她比朱翊钧早死了九年，并没有葬在定陵里，直到后来追封她为太皇太后的时候，才与万历皇帝朱翊钧，孝端皇后共同葬入陵寝。朱翊钧的另一个皇后孝端与他没有孩子，在她去世后不到百日，朱翊钧也去世了，所以他们是同日葬入定陵的。\n\n一进入定陵陵区，我们首先看到的是一个碑亭，里边就是神功圣德碑，也称为无字碑。碑顶有云龙交盘，下端雕有海水纹的图案，碑座也是龙九子之一赑屃（bìxì）。在十三陵中，\n\n\n\n除了长陵以外，其他的陵碑都没有字。这是因为原来在献景裕茂泰康六个陵门前没有碑亭，当然也就没有碑文一说，可是后来这六个碑亭相继建成，碑文理应有当时的嘉靖皇帝撰写，可是他忙于炼丹成仙，根本没工夫理会，所以导致六个碑空空如也。在永陵之后的陵墓，因为祖宗的墓碑上都没有写字，所以怕冒犯祖先，也都没有撰写碑文，这样就形成了今天我们所看到的景象。定陵的这个碑背面有一个满月型的痕迹，所以俗称月亮碑，传说它还有灵性，能随月亮阴晴圆缺而发光，可是后来陵园着火，就失去了灵性。'}, {'title': './file_path/2023北京导游词.docx', 'content': '按照皇帝陵寝的规置，后殿只是安放皇帝棺椁用的，那为什么两个皇后的棺椁也出现在这里呢？这个现象在史料中是没有明确记载的，可是根据专家推测：在万历四十八年的时候，先是孝端皇后病逝，接着七月就是万历皇帝去世，而他的儿子朱常洛也在即位 29 天死于红丸案，在这短短百日之内，死了两位皇帝，一位皇后，还有孝靖皇后还要迁葬，这么巨大的任务都压在了刚刚即位的皇帝朱由校身上，所以准备工作十分的仓促。而且当时正好是雨季，安放皇后的配殿不方便打开，于是皇帝皇后的棺椁就都从正门进去了。可是到了地宫发现配殿的甬道太窄了，皇后的棺椁进不去，所以只好将它们一并放入了后殿当中。现在大家可以明白地宫中棺椁的摆设呈这样是怎样一回事儿了吧。那好，现在就请大家跟随我走出地宫。\n\n随着参观定陵的活动结束，我们今天的明十三陵之行也将近尾声了，相信大家一定都为这座巨大的帝王陵墓群而感叹，随着我国文物保护工作的不断开展，国家投入了大量的资金修缮明十三陵，这座规模宏大的帝王陵寝也将被永久地保存下去。同时，我也希望各位游客能对这里留下美好的印象，欢迎各位下次再来参观。\n\n\n\n\n\n长城\n\n尊敬的游客朋友：'}]",取在南京明孝陵,0.7350064210646652,0.25,0.99999999995,1.0
秦始皇为什么修筑长城,"['随着参观定陵的活动结束，我们今天的明十三陵之行也将近尾声了，相信大家一定都为这座巨大的帝王陵墓群而感叹，随着我国文物保护工作的不断开展，国家投入了大量的资金修缮明十三陵，这座规模宏大的帝王陵寝也将被永久地保存下去。同时，我也希望各位游客能对这里留下美好的印象，欢迎各位下次再来参观。\n\n\n\n\n\n长城\n\n尊敬的游客朋友：\n\n\n\n大家好！欢迎您来到长城游玩，希望我们的服务能让您多一份欢乐，也希望您能玩得开心，玩得尽兴，玩得满足。接下来，我先向诸位介绍一下长城的概况。\n\n长城位于北京的北面，始建于春秋战国时期。那时各个诸侯国为了互相防御，就在自己境内地势险要的地方修筑长城。秦始皇统一中国后，为防御北方匈奴的入侵，便将各诸侯国的长城连接起来，并将其延长，号称“万里长城”。长城，远远望去像一条长龙，在巍巍群\n\n\n\n山之间蜿蜒盘旋。它全长一万三千多里。国父孙中山参观长城后，评价道：“中国最有名之工程者，万里长城也。工程之大，古无其匹，为世界独一之奇观。”\n\n我们今天游览的是修筑在八达岭上的一段长城。八达岭长城是历史上许多重大事件的见证，例如萧太后巡幸，元太祖入关，慈禧太后西逃等等，八达岭都是必经之路。说到这里，还有一个故事要讲给大家：位于关城东门路旁，有一块巨石，传说在 1900 年八国联军攻入北京，慈禧在西逃的途中经过这里，曾经站在这块石头上回望京城，所以这块石头也就被叫做望京石。但现在这块石头已经不那么突出了。我们今天游览的这段长城高大坚固，是用巨大的条石和城砖筑成的。城墙顶上每隔三百多米就有一座“烽火台”，也就是方形的城台。在这“烽火台”上，周幽王还曾经导演过一起“烽火戏诸侯”的历史闹剧。在秦始皇修筑长城时，动用了百万之众，竟占全国人口的 1/20！想当初，古代人民艰苦劳动，才把那一块块重达千斤的条石、城砖抬上这峭壁深壑。因此，为了尊重古代的劳动人民，我在此提几点要求：\n\n\t不要乱涂乱画。\n\n\n\n\t不要把塑料袋、废纸等垃圾随手丢弃。\n\n\n\n\t不要破坏建筑物。\n\n\n\n长城，用“举世无双，独一无二”来形容它，一点也不过分。今天，就让我们怀着“不到长城非好汉”的心态登上它，领略它的雄伟，壮观。\n\n长城是世界闻名的奇迹之一，它像一条巨龙盘踞在中国北方的辽阔的土地上。它是中国古代劳动人民血液的结晶，也是中国古代文化的象征和中华民族的骄傲。', '长城\n\n尊敬的游客朋友：\n\n\n\n大家好！欢迎您来到长城游玩，希望我们的服务能让您多一份欢乐，也希望您能玩得开心，玩得尽兴，玩得满足。接下来，我先向诸位介绍一下长城的概况。\n\n长城位于北京的北面，始建于春秋战国时期。那时各个诸侯国为了互相防御，就在自己境内地势险要的地方修筑长城。秦始皇统一中国后，为防御北方匈奴的入侵，便将各诸侯国的长城连接起来，并将其延长，号称“万里长城”。长城，远远望去像一条长龙，在巍巍群\n\n\n\n山之间蜿蜒盘旋。它全长一万三千多里。国父孙中山参观长城后，评价道：“中国最有名之工程者，万里长城也。工程之大，古无其匹，为世界独一之奇观。”', '北京导游考试口试标准导游词之十六——长城题签：长城\n    长城是我国古代一项伟大的防御工事，是我国古代劳动人民创造的伟大的奇迹，1987年被列入《世界遗产名录》。\n    中国最早修筑长城是在春秋战国时期，当时各诸侯国为了争霸连年征战，为了有效的抵御入侵，各诸侯国在各自的边境上修筑了一系列能够传递信息的烽火台，以及具有防御性的驻军城堡，这些城堡当时被称为“列城”。在我国历史上最早修筑长城的是楚国，在历史是被称为“万城”或“方城”。之后各诸侯国纷纷效仿。齐国用黄土夯筑或用石块垒砌，修筑了从西到东，直至入海的长城。燕国也修筑了易水长城和北长城。此外赵国、秦国也分别在各自边境修筑了长城，这些城墙奠定了中国北方长城的基础。\n在中国历史上有三次修筑长城高峰。\n    第一次是在秦朝，秦始皇统一中国后，为了维护中原地区的封建经济的稳定发展，秦始皇派大将军蒙恬率30万军队及数百万民夫，先修建了秦赵燕三国北部的旧长城，再另筑部分新长城将他们连接起来形成了西起临洮东至辽东，长达7000公里。']","秦始皇修筑长城的主要目的是为了维护中原地区的封建经济稳定发展，抵御外敌入侵。在秦朝统一六国后，秦始皇派遣大将军蒙恬率领30万军队及数百万民夫，先修建了秦、赵、燕三国北部的旧长城，并另建部分新长城将它们连接起来，形成了西起临洮东至辽东，长达7000公里的防御体系。

这项工程不仅是一项军事防御措施，也是当时国家实力和组织能力的体现。长城作为古代中国的一项伟大工程，它不仅是军事上的屏障，也成为了中华民族坚韧不拔精神的象征。如今，长城已经失去了它的军事功能，但作为世界文化遗产之一，它吸引了无数国内外游客前来参观，成为了一个重要的旅游目的地。 [{'title': './file_path/（六）长城.txt', 'content': '北京导游考试口试标准导游词之十六——长城题签：长城\n    长城是我国古代一项伟大的防御工事，是我国古代劳动人民创造的伟大的奇迹，1987年被列入《世界遗产名录》。\n    中国最早修筑长城是在春秋战国时期，当时各诸侯国为了争霸连年征战，为了有效的抵御入侵，各诸侯国在各自的边境上修筑了一系列能够传递信息的烽火台，以及具有防御性的驻军城堡，这些城堡当时被称为“列城”。在我国历史上最早修筑长城的是楚国，在历史是被称为“万城”或“方城”。之后各诸侯国纷纷效仿。齐国用黄土夯筑或用石块垒砌，修筑了从西到东，直至入海的长城。燕国也修筑了易水长城和北长城。此外赵国、秦国也分别在各自边境修筑了长城，这些城墙奠定了中国北方长城的基础。\n在中国历史上有三次修筑长城高峰。\n    第一次是在秦朝，秦始皇统一中国后，为了维护中原地区的封建经济的稳定发展，秦始皇派大将军蒙恬率30万军队及数百万民夫，先修建了秦赵燕三国北部的旧长城，再另筑部分新长城将他们连接起来形成了西起临洮东至辽东，长达7000公里。\n    第二次是西汉初年为了抵御匈奴的不断南侵和保护新开发的“丝绸之路”在采取坚决抗击政策的同时，修筑了规模宏大的汉长城。汉长城西起新疆的罗布泊，东至辽东，长达10000余公里，是中国历史上最长的长城，汉代是中国历史上修筑万里长城的第2次高峰。\n    第三次是明朝，逃回蒙古的元顺帝仍然保持有较大的军事实力，经常派兵南下，意图收复失地。明代后期，东北又有女真族的崛起。面对蒙古与女真的威胁，明代始终十分重视北方的防务。从朱元璋建国第一年，就派大将徐达北上修筑长城，直到明王朝灭亡，200多年中一直没有停过，其中大规模修筑就多达18次。司马迁总结了长城的建造选址原则“因地形，制险用塞”，可见历朝的长城都建在险峻之处。\n    明长城西起甘肃嘉峪关，东至辽东的鸭绿江边的虎山。全长 7000 多公里，经过了九个省，直辖市，自治区，即我们今天所看到的长城。明代把长城沿线分为九个防守区域，每个区域设镇守，称为“九边九镇”。明代是中国历史上修筑长城的第三次高峰，也是最后一次高峰。'}, {'title': './file_path/（六）长城.txt', 'content': '北京导游考试口试标准导游词之十六——长城题签：长城\n    长城是我国古代一项伟大的防御工事，是我国古代劳动人民创造的伟大的奇迹，1987年被列入《世界遗产名录》。\n    中国最早修筑长城是在春秋战国时期，当时各诸侯国为了争霸连年征战，为了有效的抵御入侵，各诸侯国在各自的边境上修筑了一系列能够传递信息的烽火台，以及具有防御性的驻军城堡，这些城堡当时被称为“列城”。在我国历史上最早修筑长城的是楚国，在历史是被称为“万城”或“方城”。之后各诸侯国纷纷效仿。齐国用黄土夯筑或用石块垒砌，修筑了从西到东，直至入海的长城。燕国也修筑了易水长城和北长城。此外赵国、秦国也分别在各自边境修筑了长城，这些城墙奠定了中国北方长城的基础。\n在中国历史上有三次修筑长城高峰。\n    第一次是在秦朝，秦始皇统一中国后，为了维护中原地区的封建经济的稳定发展，秦始皇派大将军蒙恬率30万军队及数百万民夫，先修建了秦赵燕三国北部的旧长城，再另筑部分新长城将他们连接起来形成了西起临洮东至辽东，长达7000公里。'}, {'title': './file_path/2023北京导游词.docx', 'content': '楼至南 4 楼之间，山脊狭窄，山势陡峭，长城逶迤 400 多米。城顶最险处，坡度约为 70 度，\n\n几乎是直上直下。南 1 楼和南 2 楼，都没有修复二层，从南 3 楼遗存的柱础看，原来也有铺房。\n\n南峰长城以南 4 楼地势最高，海拔 803.6 米。登楼眺望，长城自西南向东北蜿蜒于山脊之上，宛如苍龙，宏伟壮观。使人不由地想起我国著名的长城专家罗哲文先生登临八达岭长城时咏的诗；千峰叠翠拥居庸，山北山南处处峰。锁钥北门天设险，半哉峻岭走长龙。从南 4 楼到南 7 楼，高度逐渐下降。南 5 楼与南 6 楼之间在长城的内侧距城墙 30 米的山脊上，\n\n耸立着一座白色的小亭，这就是 1987 年 6 月落成的“贵州省修复长城纪念碑亭”。南 6 楼是一座铺房，铺房建在上层的顶上，面阔三间，硬山顶，红柱子，灰色瓦，小巧玲珑。这大概是当年“千总”的指挥所。\n\n关于长城还有个传说，就是《孟姜女哭长城》的故事了。从前在秦朝的时候，有一户姓孟的人家，种了一棵瓜。瓜熟了，打开一看，里面有个又白又胖的小姑娘，从此，他就叫孟姜女。长大后，孟姜女跟公子范喜良结婚了。成亲那天，新郎新娘正要入洞房，忽然闯进了一群官兵，用一条铁链绑住了范喜良，硬把新郎抓去长城做工了。孟姜女日日夜夜的想着范喜良，就自己收拾好行李上路了，他不知走了多少路了，都找不着范喜良的踪影，最后，她问一对正在工作的民工，问：“你们这里有个叫范喜良的人吗?”民工说：”是有这个人，新来的。”孟姜女听了，别提有多高兴了!再问“他现在在哪儿?民工说：“他已经死了。尸体都已经填了城脚!“孟姜女听了哭了整整三天三夜，哭的连天都被感动了，风越来越猛烈，只听“哗啦”一声，一段长城倒了，露出来正是范喜良的尸首，孟姜女的眼泪滴在她的丈夫血肉模糊的脸上，她终于看见自己心爱的丈夫，但他却再也看不见孟姜女了，因为他已近被残暴的秦始皇给害死了。\n\n今天的长城，早已失去军事价值，而以其特有的魅力，吸引着广大中外游客，成为举世闻名的旅游胜地。随着旅游业的发展，长城这一中华民族的象征，全世界重要的文化遗产，\n\n会焕发出新的生机。以更优质的旅游服务、更优美的旅游环境迎接着大家的到来！'}]",防御北方匈奴的入侵,0.6619276537507398,0.9333333333333333,0.99999999995,1.0
定陵是谁的陵寝？,"['定陵是明朝第 13 位皇帝神宗万历朱翊钧和孝端、孝靖两位皇后的合葬墓。朱翊钧是明朝在位最久的皇帝，他的为人和永乐皇帝朱棣可以说成为了鲜明的对比。他非常贪婪懒惰，在他九岁即位的时候，由于有大臣张居正的辅佐，国家发展得还算比较稳定，可是后来张居正病逝，他便利用这个机会为自己选择了陵地，花费了 800 万两白银，用了六年时间，建了工程质量最好的定陵，而他居然因为陵寝修建的非常满意，而在地宫当中举行了盛大的宴会，真实一位让人哭笑不得的皇帝。而他不仅如此，在他在位的 48 年当中，竟然有 28 年不理朝政，导致国家处于瘫痪状态。后人评论，其实明朝灭亡的命运，在万历皇帝朱翊钧时就已经成为定局了。他有两位皇后，其实在开始的时候孝靖皇后身份低下，可是与他有了一个男孩，就是后来的“一月天子”朱常洛，母以子贵，她就被封为贵妃。但是她比朱翊钧早死了九年，并没有葬在定陵里，直到后来追封她为太皇太后的时候，才与万历皇帝朱翊钧，孝端皇后共同葬入陵寝。朱翊钧的另一个皇后孝端与他没有孩子，在她去世后不到百日，朱翊钧也去世了，所以他们是同日葬入定陵的。', '咱们从殿后的门一出来，就到达了第三进院落，每座陵墓的标志——明楼就在这里。大家可以看到这里也有一个碑亭，石碑上刻有成祖文皇帝之陵，因为皇帝姓朱，所以碑身也都是用的朱砂红色。\n\n由于长陵的地宫没有发掘，所以我们在长陵的游览就先告一段落。不过大家不用着急，接下来我们将要去的定陵，就可以让大家参观到古代皇帝的地下宫殿了。\n\n定陵是明朝第 13 位皇帝神宗万历朱翊钧和孝端、孝靖两位皇后的合葬墓。朱翊钧是明朝在位最久的皇帝，他的为人和永乐皇帝朱棣可以说成为了鲜明的对比。他非常贪婪懒惰，在他九岁即位的时候，由于有大臣张居正的辅佐，国家发展得还算比较稳定，可是后来张居正病逝，他便利用这个机会为自己选择了陵地，花费了 800 万两白银，用了六年时间，建了工程质量最好的定陵，而他居然因为陵寝修建的非常满意，而在地宫当中举行了盛大的宴会，真实一位让人哭笑不得的皇帝。而他不仅如此，在他在位的 48 年当中，竟然有 28 年不理朝政，导致国家处于瘫痪状态。后人评论，其实明朝灭亡的命运，在万历皇帝朱翊钧时就已经成为定局了。他有两位皇后，其实在开始的时候孝靖皇后身份低下，可是与他有了一个男孩，就是后来的“一月天子”朱常洛，母以子贵，她就被封为贵妃。但是她比朱翊钧早死了九年，并没有葬在定陵里，直到后来追封她为太皇太后的时候，才与万历皇帝朱翊钧，孝端皇后共同葬入陵寝。朱翊钧的另一个皇后孝端与他没有孩子，在她去世后不到百日，朱翊钧也去世了，所以他们是同日葬入定陵的。\n\n一进入定陵陵区，我们首先看到的是一个碑亭，里边就是神功圣德碑，也称为无字碑。碑顶有云龙交盘，下端雕有海水纹的图案，碑座也是龙九子之一赑屃（bìxì）。在十三陵中，\n\n\n\n除了长陵以外，其他的陵碑都没有字。这是因为原来在献景裕茂泰康六个陵门前没有碑亭，当然也就没有碑文一说，可是后来这六个碑亭相继建成，碑文理应有当时的嘉靖皇帝撰写，可是他忙于炼丹成仙，根本没工夫理会，所以导致六个碑空空如也。在永陵之后的陵墓，因为祖宗的墓碑上都没有写字，所以怕冒犯祖先，也都没有撰写碑文，这样就形成了今天我们所看到的景象。定陵的这个碑背面有一个满月型的痕迹，所以俗称月亮碑，传说它还有灵性，能随月亮阴晴圆缺而发光，可是后来陵园着火，就失去了灵性。', '过了碑亭，我们所看到的两座高石台基就是定陵陵恩门和陵恩殿的遗址。这里原来也叫享殿，它是举行祭祀典礼的地方，当时面阔七间，清兵入关的时候曾经遭到破坏，到了乾隆年间，对这里进行了修复，但是后来又遭到了破坏。在往前走，我们可以看到一个陈列室，这里陈列展出的都是定陵的出土文物，是在地宫挖掘之后兴建的。展室分为南北两个部分，南侧主要陈列地宫出土的万历皇帝的随葬品，北侧则是两位太后的随葬品，都非常精美，各位尽可以一饱眼福。现在来到了明楼，它也是定陵陵墓的标志。明楼为石结构建筑，是定陵地面保存最完好的建筑，始终没有遭到破坏。在明楼黄色琉璃瓦顶上，镶有一块高大的石榜，刻有定陵二字，在明楼内的碑额上篆有大名二字，而碑身上则刻有神宗显皇帝之陵七个大字。它与宝城相连。宝城是一道用城砖垒起的圆形大墙，墙上有垛口，城墙高 7.5 米，上厚下薄，\n\n周长 800 米，在它围绕的中间有一个人工堆成的大土丘，其实就是皇陵的坟头，叫做宝顶。']","定陵是明朝第13位皇帝神宗万历朱翊钧和孝端、孝靖两位皇后的合葬墓。朱翊钧在位时间长达48年，是明朝在位最久的皇帝之一。定陵的修建花费了大量的人力物力，工程质量非常好。有趣的是，在地宫完工后，他还曾在其中举行过盛大的宴会。

关于定陵本身，它包括了碑亭、陵恩门和陵恩殿遗址等建筑。明楼是定陵地面保存最完好的建筑，上面刻有“定陵”二字。宝城围绕着一个被称为宝顶的人工土丘，这是皇陵的坟头所在。

如果您对定陵有更多的兴趣，比如想了解它的内部结构或出土文物，我可以为您提供更详细的信息。 [{'title': './file_path/2023北京导游词.docx', 'content': '咱们从殿后的门一出来，就到达了第三进院落，每座陵墓的标志——明楼就在这里。大家可以看到这里也有一个碑亭，石碑上刻有成祖文皇帝之陵，因为皇帝姓朱，所以碑身也都是用的朱砂红色。\n\n由于长陵的地宫没有发掘，所以我们在长陵的游览就先告一段落。不过大家不用着急，接下来我们将要去的定陵，就可以让大家参观到古代皇帝的地下宫殿了。\n\n定陵是明朝第 13 位皇帝神宗万历朱翊钧和孝端、孝靖两位皇后的合葬墓。朱翊钧是明朝在位最久的皇帝，他的为人和永乐皇帝朱棣可以说成为了鲜明的对比。他非常贪婪懒惰，在他九岁即位的时候，由于有大臣张居正的辅佐，国家发展得还算比较稳定，可是后来张居正病逝，他便利用这个机会为自己选择了陵地，花费了 800 万两白银，用了六年时间，建了工程质量最好的定陵，而他居然因为陵寝修建的非常满意，而在地宫当中举行了盛大的宴会，真实一位让人哭笑不得的皇帝。而他不仅如此，在他在位的 48 年当中，竟然有 28 年不理朝政，导致国家处于瘫痪状态。后人评论，其实明朝灭亡的命运，在万历皇帝朱翊钧时就已经成为定局了。他有两位皇后，其实在开始的时候孝靖皇后身份低下，可是与他有了一个男孩，就是后来的“一月天子”朱常洛，母以子贵，她就被封为贵妃。但是她比朱翊钧早死了九年，并没有葬在定陵里，直到后来追封她为太皇太后的时候，才与万历皇帝朱翊钧，孝端皇后共同葬入陵寝。朱翊钧的另一个皇后孝端与他没有孩子，在她去世后不到百日，朱翊钧也去世了，所以他们是同日葬入定陵的。\n\n一进入定陵陵区，我们首先看到的是一个碑亭，里边就是神功圣德碑，也称为无字碑。碑顶有云龙交盘，下端雕有海水纹的图案，碑座也是龙九子之一赑屃（bìxì）。在十三陵中，\n\n\n\n除了长陵以外，其他的陵碑都没有字。这是因为原来在献景裕茂泰康六个陵门前没有碑亭，当然也就没有碑文一说，可是后来这六个碑亭相继建成，碑文理应有当时的嘉靖皇帝撰写，可是他忙于炼丹成仙，根本没工夫理会，所以导致六个碑空空如也。在永陵之后的陵墓，因为祖宗的墓碑上都没有写字，所以怕冒犯祖先，也都没有撰写碑文，这样就形成了今天我们所看到的景象。定陵的这个碑背面有一个满月型的痕迹，所以俗称月亮碑，传说它还有灵性，能随月亮阴晴圆缺而发光，可是后来陵园着火，就失去了灵性。'}, {'title': './file_path/2023北京导游词.docx', 'content': '过了碑亭，我们所看到的两座高石台基就是定陵陵恩门和陵恩殿的遗址。这里原来也叫享殿，它是举行祭祀典礼的地方，当时面阔七间，清兵入关的时候曾经遭到破坏，到了乾隆年间，对这里进行了修复，但是后来又遭到了破坏。在往前走，我们可以看到一个陈列室，这里陈列展出的都是定陵的出土文物，是在地宫挖掘之后兴建的。展室分为南北两个部分，南侧主要陈列地宫出土的万历皇帝的随葬品，北侧则是两位太后的随葬品，都非常精美，各位尽可以一饱眼福。现在来到了明楼，它也是定陵陵墓的标志。明楼为石结构建筑，是定陵地面保存最完好的建筑，始终没有遭到破坏。在明楼黄色琉璃瓦顶上，镶有一块高大的石榜，刻有定陵二字，在明楼内的碑额上篆有大名二字，而碑身上则刻有神宗显皇帝之陵七个大字。它与宝城相连。宝城是一道用城砖垒起的圆形大墙，墙上有垛口，城墙高 7.5 米，上厚下薄，\n\n周长 800 米，在它围绕的中间有一个人工堆成的大土丘，其实就是皇陵的坟头，叫做宝顶。\n\n咱们现在正从左侧的通道走入地宫。定陵地宫的挖掘工作是从 1956 年 5 月开始的，在 1958年结束。最开始，工作人员是发现了宝城西南侧墙上露出了一处券门，于是就正对着券门开了第一条探沟，到了底部发现了用城砖砌成的隧道。在三个月以后，沿着隧道的方向在明楼西面开了第二条探沟，在这条探沟的挖掘过程中，碰到了刻有“此时至今刚墙前皮十六丈、深三丈五尺”的石碑，从而得到了关于打开地宫的正确方向。工作人员沿着这个方向，又开了第三条探沟，最终找到了石隧道，并且发现了金刚墙，打开金刚墙，里边有一个方形的石券室，在西侧正中有两扇汉白玉的石门，从里边顶着“自来石”，而工作人员只用了铁丝和木板，不到五分钟，就将沉睡了 337 年的定陵地宫打开了。\n\n地宫深度是 27 米，总面积达到了 1195 平方米，整个建筑的用料都是砖石，可以说是地下的无梁殿，礼制上是仿明堂的“九重法宫制”，分为前中后左右五个殿堂由七扇汉白玉门连接，最大的一扇高 3.3 米，宽 1.7 米，重达 4 吨，看上去很笨重，其实设计非常的合理。'}, {'title': './file_path/2023北京导游词.docx', 'content': '过了碑亭，我们所看到的两座高石台基就是定陵陵恩门和陵恩殿的遗址。这里原来也叫享殿，它是举行祭祀典礼的地方，当时面阔七间，清兵入关的时候曾经遭到破坏，到了乾隆年间，对这里进行了修复，但是后来又遭到了破坏。在往前走，我们可以看到一个陈列室，这里陈列展出的都是定陵的出土文物，是在地宫挖掘之后兴建的。展室分为南北两个部分，南侧主要陈列地宫出土的万历皇帝的随葬品，北侧则是两位太后的随葬品，都非常精美，各位尽可以一饱眼福。现在来到了明楼，它也是定陵陵墓的标志。明楼为石结构建筑，是定陵地面保存最完好的建筑，始终没有遭到破坏。在明楼黄色琉璃瓦顶上，镶有一块高大的石榜，刻有定陵二字，在明楼内的碑额上篆有大名二字，而碑身上则刻有神宗显皇帝之陵七个大字。它与宝城相连。宝城是一道用城砖垒起的圆形大墙，墙上有垛口，城墙高 7.5 米，上厚下薄，\n\n周长 800 米，在它围绕的中间有一个人工堆成的大土丘，其实就是皇陵的坟头，叫做宝顶。'}]",神宗万历朱翊钧和孝端、孝靖两位皇后的合葬墓,0.554557961692288,0.72,0.9999999999666667,1.0
定陵地宫挖掘工作是什么时候开始的？,"['周长 800 米，在它围绕的中间有一个人工堆成的大土丘，其实就是皇陵的坟头，叫做宝顶。\n\n咱们现在正从左侧的通道走入地宫。定陵地宫的挖掘工作是从 1956 年 5 月开始的，在 1958年结束。最开始，工作人员是发现了宝城西南侧墙上露出了一处券门，于是就正对着券门开了第一条探沟，到了底部发现了用城砖砌成的隧道。在三个月以后，沿着隧道的方向在明楼西面开了第二条探沟，在这条探沟的挖掘过程中，碰到了刻有“此时至今刚墙前皮十六丈、深三丈五尺”的石碑，从而得到了关于打开地宫的正确方向。工作人员沿着这个方向，又开了第三条探沟，最终找到了石隧道，并且发现了金刚墙，打开金刚墙，里边有一个方形的石券室，在西侧正中有两扇汉白玉的石门，从里边顶着“自来石”，而工作人员只用了铁丝和木板，不到五分钟，就将沉睡了 337 年的定陵地宫打开了。\n\n地宫深度是 27 米，总面积达到了 1195 平方米，整个建筑的用料都是砖石，可以说是地下的无梁殿，礼制上是仿明堂的“九重法宫制”，分为前中后左右五个殿堂由七扇汉白玉门连接，最大的一扇高 3.3 米，宽 1.7 米，重达 4 吨，看上去很笨重，其实设计非常的合理。', '过了碑亭，我们所看到的两座高石台基就是定陵陵恩门和陵恩殿的遗址。这里原来也叫享殿，它是举行祭祀典礼的地方，当时面阔七间，清兵入关的时候曾经遭到破坏，到了乾隆年间，对这里进行了修复，但是后来又遭到了破坏。在往前走，我们可以看到一个陈列室，这里陈列展出的都是定陵的出土文物，是在地宫挖掘之后兴建的。展室分为南北两个部分，南侧主要陈列地宫出土的万历皇帝的随葬品，北侧则是两位太后的随葬品，都非常精美，各位尽可以一饱眼福。现在来到了明楼，它也是定陵陵墓的标志。明楼为石结构建筑，是定陵地面保存最完好的建筑，始终没有遭到破坏。在明楼黄色琉璃瓦顶上，镶有一块高大的石榜，刻有定陵二字，在明楼内的碑额上篆有大名二字，而碑身上则刻有神宗显皇帝之陵七个大字。它与宝城相连。宝城是一道用城砖垒起的圆形大墙，墙上有垛口，城墙高 7.5 米，上厚下薄，\n\n周长 800 米，在它围绕的中间有一个人工堆成的大土丘，其实就是皇陵的坟头，叫做宝顶。\n\n咱们现在正从左侧的通道走入地宫。定陵地宫的挖掘工作是从 1956 年 5 月开始的，在 1958年结束。最开始，工作人员是发现了宝城西南侧墙上露出了一处券门，于是就正对着券门开了第一条探沟，到了底部发现了用城砖砌成的隧道。在三个月以后，沿着隧道的方向在明楼西面开了第二条探沟，在这条探沟的挖掘过程中，碰到了刻有“此时至今刚墙前皮十六丈、深三丈五尺”的石碑，从而得到了关于打开地宫的正确方向。工作人员沿着这个方向，又开了第三条探沟，最终找到了石隧道，并且发现了金刚墙，打开金刚墙，里边有一个方形的石券室，在西侧正中有两扇汉白玉的石门，从里边顶着“自来石”，而工作人员只用了铁丝和木板，不到五分钟，就将沉睡了 337 年的定陵地宫打开了。\n\n地宫深度是 27 米，总面积达到了 1195 平方米，整个建筑的用料都是砖石，可以说是地下的无梁殿，礼制上是仿明堂的“九重法宫制”，分为前中后左右五个殿堂由七扇汉白玉门连接，最大的一扇高 3.3 米，宽 1.7 米，重达 4 吨，看上去很笨重，其实设计非常的合理。', '按照皇帝陵寝的规置，后殿只是安放皇帝棺椁用的，那为什么两个皇后的棺椁也出现在这里呢？这个现象在史料中是没有明确记载的，可是根据专家推测：在万历四十八年的时候，先是孝端皇后病逝，接着七月就是万历皇帝去世，而他的儿子朱常洛也在即位 29 天死于红丸案，在这短短百日之内，死了两位皇帝，一位皇后，还有孝靖皇后还要迁葬，这么巨大的任务都压在了刚刚即位的皇帝朱由校身上，所以准备工作十分的仓促。而且当时正好是雨季，安放皇后的配殿不方便打开，于是皇帝皇后的棺椁就都从正门进去了。可是到了地宫发现配殿的甬道太窄了，皇后的棺椁进不去，所以只好将它们一并放入了后殿当中。现在大家可以明白地宫中棺椁的摆设呈这样是怎样一回事儿了吧。那好，现在就请大家跟随我走出地宫。\n\n随着参观定陵的活动结束，我们今天的明十三陵之行也将近尾声了，相信大家一定都为这座巨大的帝王陵墓群而感叹，随着我国文物保护工作的不断开展，国家投入了大量的资金修缮明十三陵，这座规模宏大的帝王陵寝也将被永久地保存下去。同时，我也希望各位游客能对这里留下美好的印象，欢迎各位下次再来参观。\n\n\n\n\n\n长城\n\n尊敬的游客朋友：']","定陵地宫的挖掘工作是从1956年5月开始，并在1958年结束。工作人员最初发现了宝城西南侧墙上露出的一处券门，随后沿着这个线索进行了探沟挖掘，最终找到了石隧道和金刚墙，从而打开了沉睡了337年的定陵地宫。 [{'title': './file_path/2023北京导游词.docx', 'content': '咱们从殿后的门一出来，就到达了第三进院落，每座陵墓的标志——明楼就在这里。大家可以看到这里也有一个碑亭，石碑上刻有成祖文皇帝之陵，因为皇帝姓朱，所以碑身也都是用的朱砂红色。\n\n由于长陵的地宫没有发掘，所以我们在长陵的游览就先告一段落。不过大家不用着急，接下来我们将要去的定陵，就可以让大家参观到古代皇帝的地下宫殿了。\n\n定陵是明朝第 13 位皇帝神宗万历朱翊钧和孝端、孝靖两位皇后的合葬墓。朱翊钧是明朝在位最久的皇帝，他的为人和永乐皇帝朱棣可以说成为了鲜明的对比。他非常贪婪懒惰，在他九岁即位的时候，由于有大臣张居正的辅佐，国家发展得还算比较稳定，可是后来张居正病逝，他便利用这个机会为自己选择了陵地，花费了 800 万两白银，用了六年时间，建了工程质量最好的定陵，而他居然因为陵寝修建的非常满意，而在地宫当中举行了盛大的宴会，真实一位让人哭笑不得的皇帝。而他不仅如此，在他在位的 48 年当中，竟然有 28 年不理朝政，导致国家处于瘫痪状态。后人评论，其实明朝灭亡的命运，在万历皇帝朱翊钧时就已经成为定局了。他有两位皇后，其实在开始的时候孝靖皇后身份低下，可是与他有了一个男孩，就是后来的“一月天子”朱常洛，母以子贵，她就被封为贵妃。但是她比朱翊钧早死了九年，并没有葬在定陵里，直到后来追封她为太皇太后的时候，才与万历皇帝朱翊钧，孝端皇后共同葬入陵寝。朱翊钧的另一个皇后孝端与他没有孩子，在她去世后不到百日，朱翊钧也去世了，所以他们是同日葬入定陵的。\n\n一进入定陵陵区，我们首先看到的是一个碑亭，里边就是神功圣德碑，也称为无字碑。碑顶有云龙交盘，下端雕有海水纹的图案，碑座也是龙九子之一赑屃（bìxì）。在十三陵中，\n\n\n\n除了长陵以外，其他的陵碑都没有字。这是因为原来在献景裕茂泰康六个陵门前没有碑亭，当然也就没有碑文一说，可是后来这六个碑亭相继建成，碑文理应有当时的嘉靖皇帝撰写，可是他忙于炼丹成仙，根本没工夫理会，所以导致六个碑空空如也。在永陵之后的陵墓，因为祖宗的墓碑上都没有写字，所以怕冒犯祖先，也都没有撰写碑文，这样就形成了今天我们所看到的景象。定陵的这个碑背面有一个满月型的痕迹，所以俗称月亮碑，传说它还有灵性，能随月亮阴晴圆缺而发光，可是后来陵园着火，就失去了灵性。'}, {'title': './file_path/2023北京导游词.docx', 'content': '过了碑亭，我们所看到的两座高石台基就是定陵陵恩门和陵恩殿的遗址。这里原来也叫享殿，它是举行祭祀典礼的地方，当时面阔七间，清兵入关的时候曾经遭到破坏，到了乾隆年间，对这里进行了修复，但是后来又遭到了破坏。在往前走，我们可以看到一个陈列室，这里陈列展出的都是定陵的出土文物，是在地宫挖掘之后兴建的。展室分为南北两个部分，南侧主要陈列地宫出土的万历皇帝的随葬品，北侧则是两位太后的随葬品，都非常精美，各位尽可以一饱眼福。现在来到了明楼，它也是定陵陵墓的标志。明楼为石结构建筑，是定陵地面保存最完好的建筑，始终没有遭到破坏。在明楼黄色琉璃瓦顶上，镶有一块高大的石榜，刻有定陵二字，在明楼内的碑额上篆有大名二字，而碑身上则刻有神宗显皇帝之陵七个大字。它与宝城相连。宝城是一道用城砖垒起的圆形大墙，墙上有垛口，城墙高 7.5 米，上厚下薄，\n\n周长 800 米，在它围绕的中间有一个人工堆成的大土丘，其实就是皇陵的坟头，叫做宝顶。\n\n咱们现在正从左侧的通道走入地宫。定陵地宫的挖掘工作是从 1956 年 5 月开始的，在 1958年结束。最开始，工作人员是发现了宝城西南侧墙上露出了一处券门，于是就正对着券门开了第一条探沟，到了底部发现了用城砖砌成的隧道。在三个月以后，沿着隧道的方向在明楼西面开了第二条探沟，在这条探沟的挖掘过程中，碰到了刻有“此时至今刚墙前皮十六丈、深三丈五尺”的石碑，从而得到了关于打开地宫的正确方向。工作人员沿着这个方向，又开了第三条探沟，最终找到了石隧道，并且发现了金刚墙，打开金刚墙，里边有一个方形的石券室，在西侧正中有两扇汉白玉的石门，从里边顶着“自来石”，而工作人员只用了铁丝和木板，不到五分钟，就将沉睡了 337 年的定陵地宫打开了。\n\n地宫深度是 27 米，总面积达到了 1195 平方米，整个建筑的用料都是砖石，可以说是地下的无梁殿，礼制上是仿明堂的“九重法宫制”，分为前中后左右五个殿堂由七扇汉白玉门连接，最大的一扇高 3.3 米，宽 1.7 米，重达 4 吨，看上去很笨重，其实设计非常的合理。'}, {'title': './file_path/2023北京导游词.docx', 'content': '过了碑亭，我们所看到的两座高石台基就是定陵陵恩门和陵恩殿的遗址。这里原来也叫享殿，它是举行祭祀典礼的地方，当时面阔七间，清兵入关的时候曾经遭到破坏，到了乾隆年间，对这里进行了修复，但是后来又遭到了破坏。在往前走，我们可以看到一个陈列室，这里陈列展出的都是定陵的出土文物，是在地宫挖掘之后兴建的。展室分为南北两个部分，南侧主要陈列地宫出土的万历皇帝的随葬品，北侧则是两位太后的随葬品，都非常精美，各位尽可以一饱眼福。现在来到了明楼，它也是定陵陵墓的标志。明楼为石结构建筑，是定陵地面保存最完好的建筑，始终没有遭到破坏。在明楼黄色琉璃瓦顶上，镶有一块高大的石榜，刻有定陵二字，在明楼内的碑额上篆有大名二字，而碑身上则刻有神宗显皇帝之陵七个大字。它与宝城相连。宝城是一道用城砖垒起的圆形大墙，墙上有垛口，城墙高 7.5 米，上厚下薄，\n\n周长 800 米，在它围绕的中间有一个人工堆成的大土丘，其实就是皇陵的坟头，叫做宝顶。'}]",1956年5月开始的,0.700935690662992,1.0,0.99999999995,1.0
德和园名字出自哪里？,"['北京的八达岭长城是我国万里长城中独具代表性的一段。这里地势险要，城关坚固，是长城重要关口居庸关的前哨，八达岭长城历来是兵家必争之地。这里为什么叫八达岭呢？因为从这里往北可达延庆、赤城；往南可达昌平、北京市内；往东可达永宁、四海、密云；往西可达沙城、宣化、怀来、大同、张家口；道路四通八达，故称八达岭。八达岭是居庸关的门户。因此古人曾说“居庸之险，不在关，而在八达岭”。\n    八达岭长城是由关城，岔道城，墙体，敌台，烽火台，排洪洞等建筑组成，是明长城中最典型的一段。是北京境内长城中保存最完好，工程质量最佳，结构最严谨的一段。其中墙体长约12千米，敌台24座，墙台4座。\n    关城：关城建于明代，面积约 5000平方米，城高7.5米。关城东门上刻“居庸外镇”。意为居庸关外又一重镇。西门上刻“北门锁钥”。意思是此处是军事重镇，好像北京的门户上的一把锁，一旦被打开，整个北京也就门户洞开了。\n    关城内的墩台高达厚实，下部用十多层花岗岩条石垒砌，上部为城砖，宽20 多米，是长城中最壮观的墩台之一。在登城口内有明崇祯年间铸造的大炮“神威大将军”。\n    岔道城：由于关城地域狭小，很难驻守大量官兵，明嘉靖三十年（1551）又在关城西北另建岔道城，城中建有守备衙门、武器弹药库、粮库、兵营等。\n    墙体：墙体平均高7.8米，墙基平均宽5.8米左右，可容10人并进或5 马并骑。内侧称女儿墙，高约1米；外侧称垛墙或雉堞，高近2米。垛墙上凸出的部分称垛口，低凹的部分称堞口，每个垛9上有望孔，下由射孔。墙顶上还设由排水沟和吐水嘴，吐水嘴做成长长的石槽伸出墙外，以防雨水冲刷墙体。\n    敌台：敌台是跨墙而筑，高出墙体，两层或三层的建筑，上面四面开有望孔和箭窗。里面分隔成相互连通的屋子，分别用于士卒居住和存放武器、弹药、粮食。\n    墙台：墙台是何墙体在同一平面，向外突出的平台，也叫“马面”突出部位砌有垛墙，平时放哨、习武，战时兵卒可以站在突出墙体的地方从侧面攻击登城的敌人。', '这里是天坛的东门，关于天坛就给大家介绍到这里，谢谢大家。\n\n颐和园\n\n各位游客大家好，我是**旅行社的导游员，今天就有我来带领大家共同游览这个清代的皇家园林——颐和园。希望我的讲解能够令各位满意，是我们共同度过这一美好的时光。\n\n我们现在即将前往的就是颐和园，利用这一段时间，我向大家简短地介绍一下颐和园的历史以及现在的状况。\n\n\n\n最早在辽金时代的时候，皇帝就已经开始在北京修建皇家园林了。当时在今天的万寿山昆明湖一带修建了金山行宫，将这里称为金山、金山泊。到了元朝，有将这改名为翁山、翁山泊。而明代初期则改称西湖并修建了园静寺，命名为好山园。到了万历是十六年，也就是 1588 年，这里已经具有一定的园林规模，享有“十里青山行画里，双飞白鸟似江南”的称誉。然而让这里真正成为一处皇家园林的是清代。在康熙年间就曾在此修建行宫，到了乾隆十四年到二十九年，也就是 1749～1764 年，就在原来的基础上修建了清漪园，扩湖，推山，将湖称为昆明湖，山叫做万寿山。而且这里还成了著名的三山五园之一。和我国古代的大多数皇家建筑一样，这里也没能躲过入侵者的践踏，在 1860 年这里被英法联军抢掠并且烧毁了。过了一些年，慈禧太后挪用了海军经费对这里进行了重建，而且光绪皇帝下昭将这里改名为颐和园。可是在 1900 年的时候，颐和园又再次遭到了八国联军（俄英法德意日美奥）的严重破坏。从此之后对这里所进行的重修，因为财力不足，所以后山部分长期都没有修复。到了 1912 年，依照清史的优待条件，颐和园仍然掌握在逊帝溥仪手中。过了两年，这里曾\n\n作为他的私人财产一度开放，但是因为交通不便票价昂贵等原因，没什么人来。在 1924 年溥仪被逐出颐和园后，北洋政府将这里正式改为对外开放的公园。1948 年 12 月，人民政府接手这里后，经过综合治理，仍然保持着其皇家园林的风貌。而且这里还成为世界上造景丰富、建筑集中、保存最完整的皇家园林。\n\n我们即将所看到的颐和园共占地 290 公顷，其中陆地四分之一，水面达到了四分之三。根据皇家园林建园的用途和特点，可将颐和园景区分为政治活动区，帝后生活区和风景游览区三个部分。\n\n来到了东宫门，我们本次的游览也就正式开始了。', '墙台：墙台是何墙体在同一平面，向外突出的平台，也叫“马面”突出部位砌有垛墙，平时放哨、习武，战时兵卒可以站在突出墙体的地方从侧面攻击登城的敌人。\n    烽火台：烽火台位于城墙墙体之外不与墙体相连，是一个独立的建山体拐角处，是传递军情的设施。白天报警点烟称烽，夜间报警放火叫燧。报警时用狼粪做燃料，烟飘的高不容易散，非常醒目，又叫狼烟。所以烽火台又称烽燧，狼烟台等。明成化年间规定，来犯之敌百余人左右，燃一烟点一炮；五百人左右，燃两烟点两炮；千人以上，燃三烟点三炮；五千人以上，燃四烟，点四炮；万人以上，燃五烟点五炮。\n    北京段的长城为什么修建在这里呢？这是北京的地形所决定的，北京北军都山，西有西山，两山在北京的西北部交会形成峡谷，成为人们往来最重要的通道。因为古代在峡谷中建有居庸关，故名关沟。关沟东起昌平区南口镇，西北到延庆县八达岭，全长 20 公里，是北京通往蒙古高原的重要通道。关沟内花木郁葱，溪水长流，风景秀丽，又有很多民间传说及名人佚事，民间传说很多，于是衍生出“关沟七十二景”，有仙人枕、点将台、望京石等等。\n    关沟自古为兵家必争之地。明代因关沟是北京的关防重点，因此在关沟内设置了四道防线重兵把守。也就是俗称的4关，它们分别是八达岭关、上关、居庸关、下关。\n    居庸关位于两山夹峙、陡峭难攀的峡谷中，又有下关与八达岭两个周边关，自古有“绝险”之称。“居庸”一词最早见于《吕氏春秋》中“天下九塞，居庸其一”。居庸关与山海关、嘉峪关并称明长城全线著名的三关。居庸关又被称为天下第一雄关。现在居庸关上的南北两门上的“居庸关”三字匾额是明景泰年间所题。\n    居庸关关城里有一座汉白玉砌筑的高台叫云台，始建于元代，原是一个过街塔建筑，当时台上有3座并列的白色覆钵式白塔。元末明初佛塔毁坏，只剩下汉白玉台座，因为云台上雕饰了很多藏传佛教图像与文字。所以云台具有极高的文物价值。在居庸关边上有乾隆皇帝御笔题写——著名的燕京八景之一的“居庸叠翠”。\n    在关沟中与公路平行的这条铁路就是著名的京张铁路了，它全长200多千米，是我国清末爱国工程师詹天佑主持修建的，是中国人自己设计施工的第一条铁路，并创造性的设计了“人”字形铁路、“之”字形爬山，解决了火车不能直接爬坡和拐弯的问题。而且成功的打通了长达 1091 米的隧道。这在当时是非常不容易的。']","德和园的名字取自《左传》中的“君子听之以平其心，心平德和”，这句话的意思是说，当一个人聆听了美好的音乐之后，他的心情会变得平和，从而达到一种道德高尚的境界。德和园是颐和园内的一处重要建筑，其中的大戏楼更是清代三大戏楼中规模最大的一个，结构严谨、壮观，高达21米。这里曾是光绪皇帝和慈禧太后观赏戏曲表演的地方。 [{'title': './file_path/2023北京导游词.docx', 'content': '来到了东宫门，我们本次的游览也就正式开始了。\n\n\n\n在东宫门外，有一座“涵虚”、“罨（yan）秀”的牌楼。其中涵虚的意思是天地开阔，山清水秀，包罗万象。罨秀是有捕捉美丽景色之意。而东宫门也是颐和园的正门。门上高悬的颐和园的匾额就是光绪皇帝的手书。颐和二字则取颐养精神、心情平和的意思。进入东宫门，我们首先来到的便是颐和园的政治活动区。南侧对称排列着南北九卿房，是清朝九卿六部值班的地方。在往前行，便来到了仁寿门，迎面看到的这五块太湖石叫做峰虚五老，寓意长寿。而在汉白玉须弥座上的这只铜制怪兽，人称麒麟，俗称四不象，是龙九子之一，象征吉祥富贵。在殿前还陈设有两对龙凤造型的铜香炉，在朝里活动中是用来点香，渲染气氛的。按古代礼制，龙居中，象征皇帝，凤在两侧，象征皇后。而在这里，却是龙在两侧，这与清朝末年慈禧太后垂帘听政不无关系，突出了凤的地位。\n\n我们面前这座雄伟的建筑就是仁寿殿。其实在乾隆年间的时候，规定凡是当朝的大殿就\n\n要叫做“勤政殿”，意思是游园不要忘了勤理政务。到了颐和园的时候，便将这里改为仁寿殿，取自孔子论语中的“仁者寿”，意思是施仁政的人可以长寿。现在，仁寿殿的陈设和原\n\n\n\n状是基本一致的。殿内的地平床上有九龙宝座。它后面还设有紫檀木九龙屏风，屏风以紫檀木为框架，雕有九条闹龙，中心是玻璃镜，镜面上写有 226 个不同写法的寿字。在宝座四周，还设有掌扇，角端等。其中角端是传说中异兽，实际用处其实就是香炉。而殿内两侧的暖阁，是慈禧光绪还有王公大臣休息的地方，当中有一幅百蝠图的缂丝工艺品，中间还有一个慈禧亲笔写的寿字，因为蝠与福同音，所以这幅工艺品也被称为百福捧寿。这个玻璃风景台屏是用翠鸟的羽毛粘制而成的，大家可以看到，这个乾隆年间的作品虽然历经二百多年可是还是色彩依旧。\n\n穿过仁寿殿我们就来到了当年光绪皇帝和慈禧太后看戏的场所——德和园，取自左转 “君子听之以平其心，心平德和”，意思是听了美好的曲子，就会心地平和，达到道德高尚的境界。德和园的大戏楼是清代三大戏楼中最大的，结构严谨，十分的壮观，高 21 米，低'}, {'title': './file_path/2023北京导游词.docx', 'content': '这里是天坛的东门，关于天坛就给大家介绍到这里，谢谢大家。\n\n颐和园\n\n各位游客大家好，我是**旅行社的导游员，今天就有我来带领大家共同游览这个清代的皇家园林——颐和园。希望我的讲解能够令各位满意，是我们共同度过这一美好的时光。\n\n我们现在即将前往的就是颐和园，利用这一段时间，我向大家简短地介绍一下颐和园的历史以及现在的状况。\n\n\n\n最早在辽金时代的时候，皇帝就已经开始在北京修建皇家园林了。当时在今天的万寿山昆明湖一带修建了金山行宫，将这里称为金山、金山泊。到了元朝，有将这改名为翁山、翁山泊。而明代初期则改称西湖并修建了园静寺，命名为好山园。到了万历是十六年，也就是 1588 年，这里已经具有一定的园林规模，享有“十里青山行画里，双飞白鸟似江南”的称誉。然而让这里真正成为一处皇家园林的是清代。在康熙年间就曾在此修建行宫，到了乾隆十四年到二十九年，也就是 1749～1764 年，就在原来的基础上修建了清漪园，扩湖，推山，将湖称为昆明湖，山叫做万寿山。而且这里还成了著名的三山五园之一。和我国古代的大多数皇家建筑一样，这里也没能躲过入侵者的践踏，在 1860 年这里被英法联军抢掠并且烧毁了。过了一些年，慈禧太后挪用了海军经费对这里进行了重建，而且光绪皇帝下昭将这里改名为颐和园。可是在 1900 年的时候，颐和园又再次遭到了八国联军（俄英法德意日美奥）的严重破坏。从此之后对这里所进行的重修，因为财力不足，所以后山部分长期都没有修复。到了 1912 年，依照清史的优待条件，颐和园仍然掌握在逊帝溥仪手中。过了两年，这里曾\n\n作为他的私人财产一度开放，但是因为交通不便票价昂贵等原因，没什么人来。在 1924 年溥仪被逐出颐和园后，北洋政府将这里正式改为对外开放的公园。1948 年 12 月，人民政府接手这里后，经过综合治理，仍然保持着其皇家园林的风貌。而且这里还成为世界上造景丰富、建筑集中、保存最完整的皇家园林。\n\n我们即将所看到的颐和园共占地 290 公顷，其中陆地四分之一，水面达到了四分之三。根据皇家园林建园的用途和特点，可将颐和园景区分为政治活动区，帝后生活区和风景游览区三个部分。\n\n来到了东宫门，我们本次的游览也就正式开始了。'}, {'title': './file_path/2023北京导游词.docx', 'content': '作为他的私人财产一度开放，但是因为交通不便票价昂贵等原因，没什么人来。在 1924 年溥仪被逐出颐和园后，北洋政府将这里正式改为对外开放的公园。1948 年 12 月，人民政府接手这里后，经过综合治理，仍然保持着其皇家园林的风貌。而且这里还成为世界上造景丰富、建筑集中、保存最完整的皇家园林。\n\n我们即将所看到的颐和园共占地 290 公顷，其中陆地四分之一，水面达到了四分之三。根据皇家园林建园的用途和特点，可将颐和园景区分为政治活动区，帝后生活区和风景游览区三个部分。\n\n来到了东宫门，我们本次的游览也就正式开始了。'}]",君子听之以平其心，心平德和,0.7293380053210926,0.0,0.0,0.0
